month,unemployment_rate_pct,private_payrolls_3m_pct_change,breadth_pct_improving,breadth_series_reported
1990-01,14.3,,,
1990-02,14.3,,,
1990-03,14.2,,,
1990-04,14.2,0.8566,,
1990-05,14.1,0.2534,,
1990-06,14.1,-0.1445,,
1990-07,14.1,-0.0904,,
1990-08,14.2,-0.3611,,
1990-09,14.4,-0.2533,,
1990-10,14.6,-0.5245,,
1990-11,14.9,-0.5979,,
1990-12,15.1,-0.6711,,
1991-01,15.4,-0.4182,,
1991-02,15.6,-0.3646,,
1991-03,15.8,-0.6392,,
1991-04,16.0,-0.1095,,
1991-05,16.0,0.0183,,
1991-06,16.0,0.386,,
1991-07,15.9,0.0,,
1991-08,15.9,0.0732,,
1991-09,16.0,0.2746,,
1991-10,16.2,0.0183,,
1991-11,16.5,0.2925,,
1991-12,16.8,0.3286,,
1992-01,17.0,1.5168,,
1992-02,17.1,1.2757,,
1992-03,17.1,1.5469,,
1992-04,16.9,0.45,,
1992-05,16.8,0.9178,,
1992-06,16.7,0.8602,,
1992-07,16.6,0.7885,,
1992-08,16.5,1.1412,,
1992-09,16.4,0.8173,,
1992-10,16.3,0.8357,,
1992-11,16.4,0.0529,,
1992-12,16.6,-0.2115,,
1993-01,16.8,1.2873,,
1993-02,17.1,1.2335,,
1993-03,17.2,1.6249,,
1993-04,17.3,0.9749,,
1993-05,17.3,1.1314,,
1993-06,17.3,1.2513,,
1993-07,17.2,0.5517,,
1993-08,17.1,0.6368,,
1993-09,17.0,0.4806,,
1993-10,16.8,0.3086,,
1993-11,16.6,0.3421,,
1993-12,16.3,0.7004,,
1994-01,15.9,0.6496,,
1994-02,15.6,0.4602,,
1994-03,15.2,0.2036,,
1994-04,14.8,0.5095,,
1994-05,14.5,0.8483,,
1994-06,14.3,1.202,,
1994-07,14.2,1.1152,,
1994-08,14.2,0.4374,,
1994-09,14.1,0.9702,,
1994-10,14.0,1.3703,,
1994-11,13.8,1.8258,,
1994-12,13.7,1.1431,,
1995-01,13.6,1.5826,,
1995-02,13.5,1.4805,,
1995-03,13.5,1.3268,,
1995-04,13.6,0.1785,,
1995-05,13.7,0.6808,,
1995-06,13.8,0.679,,
1995-07,13.9,0.8586,,
1995-08,13.9,0.3059,,
1995-09,13.9,0.8189,,
1995-10,13.8,2.1683,,
1995-11,13.7,2.2472,,
1995-12,13.5,1.8474,,
1996-01,13.3,1.5721,,
1996-02,13.4,1.4129,,
1996-03,13.6,1.595,,
1996-04,13.9,0.4488,,
1996-05,14.2,1.161,,
1996-06,14.4,0.8773,,
1996-07,14.3,0.832,,
1996-08,13.9,0.7192,,
1996-09,13.3,-0.9002,,
1996-10,12.7,2.2922,,
1996-11,12.2,1.9599,,
1996-12,12.1,3.6644,,
1997-01,12.2,0.9113,,
1997-02,12.6,0.745,,
1997-03,13.1,0.4753,,
1997-04,13.6,0.5625,,
1997-05,13.8,0.0887,,
1997-06,13.9,0.7834,,
1997-07,13.8,-0.53,,
1997-08,13.6,0.4138,,
1997-09,13.6,-0.2347,,
1997-10,13.6,1.1396,,
1997-11,13.7,0.4415,,
1997-12,13.9,0.5293,,
1998-01,13.9,0.2049,,
1998-02,13.9,0.5714,,
1998-03,13.7,0.702,,
1998-04,13.5,-0.073,,
1998-05,13.3,0.1603,,
1998-06,13.2,-0.0726,,
1998-07,13.2,0.8184,,
1998-08,13.2,0.9309,,
1998-09,13.1,0.7121,,
1998-10,13.0,-0.1594,,
1998-11,12.9,0.1009,,
1998-12,12.8,-0.0289,,
1999-01,12.6,2.0761,,
1999-02,12.3,1.2525,,
1999-03,12.0,1.7032,,
1999-04,11.6,2.1619,,
1999-05,11.3,2.4456,,
1999-06,11.2,2.5688,,
1999-07,11.2,1.0581,,
1999-08,11.4,0.9715,,
1999-09,11.6,1.2592,,
1999-10,11.8,0.2617,,
1999-11,11.8,0.2612,,
1999-12,11.6,-0.7379,,
2000-01,11.2,0.316,,
2000-02,10.8,0.0685,,
2000-03,10.5,0.7985,,
2000-04,10.3,0.9999,,
2000-05,10.1,1.0001,,
2000-06,10.0,0.9833,,
2000-07,9.9,0.4746,,
2000-08,9.8,0.6104,,
2000-09,9.7,0.4598,,
2000-10,9.7,0.7288,,
2000-11,9.8,0.4314,,
2000-12,10.0,0.377,,
2001-01,10.4,-1.9295,,
2001-02,10.8,-1.5036,,
2001-03,11.1,-1.6497,,
2001-04,11.2,-0.123,,
2001-05,11.3,-0.5043,,
2001-06,11.4,0.3273,,
2001-07,11.6,0.342,,
2001-08,11.7,-1.3562,,
2001-09,11.8,-2.0932,,
2001-10,11.8,-2.5222,,
2001-11,11.6,-1.0832,,
2001-12,11.4,-0.4581,,
2002-01,11.2,-0.4755,,
2002-02,13.4,-0.0421,,
2002-03,12.8,-1.0321,,
2002-04,12.5,-0.6464,,
2002-05,12.4,-0.0421,,
2002-06,12.4,-0.3805,,
2002-07,12.4,0.1556,,
2002-08,12.3,-0.4496,,
2002-09,12.1,0.4527,,
2002-10,11.9,0.0424,,
2002-11,11.7,-0.4375,,
2002-12,11.7,0.4506,,
2003-01,11.9,1.0446,,
2003-02,12.1,1.6445,,
2003-03,12.3,1.2617,,
2003-04,12.4,0.5868,,
2003-05,12.4,0.3347,,
2003-06,12.2,0.0969,,
2003-07,12.1,0.0556,,
2003-08,11.9,0.5143,,
2003-09,11.8,0.4011,,
2003-10,11.6,1.6796,,
2003-11,11.5,1.217,,
2003-12,11.4,0.4822,,
2004-01,11.4,0.3549,,
2004-02,11.3,0.7241,,
2004-03,11.2,1.1242,,
2004-04,11.0,0.3129,,
2004-05,10.8,0.2849,,
2004-06,10.5,0.9084,,
2004-07,10.2,0.7594,,
2004-08,10.0,0.771,,
2004-09,10.0,0.0,,
2004-10,10.0,0.498,,
2004-11,10.2,0.1879,,
2004-12,10.4,0.4837,,
2005-01,10.6,-0.067,,
2005-02,10.9,-0.1206,,
2005-03,11.2,-0.4813,,
2005-04,11.3,-0.0804,,
2005-05,11.3,-0.1207,,
2005-06,11.2,0.1881,,
2005-07,11.2,0.3487,,
2005-08,11.3,0.1477,,
2005-09,11.5,0.3084,,
2005-10,11.7,-0.0802,,
2005-11,11.6,0.6303,,
2005-12,11.4,0.3209,,
2006-01,11.0,0.4682,,
2006-02,10.6,0.1866,,
2006-03,10.4,0.3198,,
2006-04,10.5,-0.3195,,
2006-05,10.7,-0.6119,,
2006-06,10.9,-1.0627,,
2006-07,11.0,-0.6678,,
2006-08,10.8,-0.7361,,
2006-09,10.5,-0.8056,,
2006-10,10.3,-0.5513,,
2006-11,10.2,-0.2966,,
2006-12,10.2,-1.0964,,
2007-01,10.3,-0.2704,,
2007-02,10.4,-0.595,,
2007-03,10.6,0.6706,,
2007-04,10.9,-0.0813,,
2007-05,11.1,0.4081,,
2007-06,11.3,0.3127,,
2007-07,11.5,-0.1085,,
2007-08,11.7,-0.271,,
2007-09,11.7,-0.2033,,
2007-10,11.7,-0.7063,,
2007-11,11.5,-0.951,,
2007-12,11.2,-2.2678,,
2008-01,10.9,-0.7524,,
2008-02,10.7,-0.6035,,
2008-03,10.6,0.5419,,
2008-04,10.8,-0.7581,,
2008-05,11.1,-0.9383,,
2008-06,11.5,-0.9674,,
2008-07,11.9,-0.5278,,
2008-08,12.2,-0.6965,,
2008-09,12.5,-0.7675,,
2008-10,12.7,-1.6197,,
2008-11,13.1,-1.8376,,
2008-12,13.5,-1.4766,,
2009-01,14.0,-1.6179,,
2009-02,14.4,-1.6433,,
2009-03,14.7,-2.4693,,
2009-04,15.0,-1.659,,
2009-05,15.3,-1.3512,,
2009-06,15.6,-1.2732,,
2009-07,15.8,-1.4963,,
2009-08,15.9,-1.2371,,
2009-09,16.0,-1.1118,,
2009-10,16.0,-0.3872,,
2009-11,15.9,-0.507,,
2009-12,15.9,0.0899,,
2010-01,16.0,-0.2242,,
2010-02,16.3,0.045,,
2010-03,16.6,-0.4194,,
2010-04,16.9,-0.8391,,
2010-05,17.0,-0.764,,
2010-06,16.9,-0.3459,,
2010-07,16.6,0.3929,,
2010-08,16.3,0.2566,,
2010-09,16.0,0.1811,,
2010-10,15.8,-0.1656,,
2010-11,15.8,-0.0301,,
2010-12,16.0,-0.1055,,
2011-01,16.2,-0.0905,,
2011-02,16.4,0.0151,,
2011-03,16.5,-0.0452,,
2011-04,16.5,0.3772,,
2011-05,16.3,-0.1506,,
2011-06,16.1,-0.0754,,
2011-07,15.9,0.1954,,
2011-08,15.7,0.3167,,
2011-09,15.6,0.8304,,
2011-10,15.5,0.15,,
2011-11,15.5,0.7367,,
2011-12,15.4,0.2695,,
2012-01,15.3,1.0337,,
2012-02,15.1,0.7015,,
2012-03,14.9,0.8214,,
2012-04,14.7,0.8304,,
2012-05,14.5,0.9782,,
2012-06,14.2,1.3331,,
2012-07,14.1,0.4412,,
2012-08,14.0,0.6311,,
2012-09,14.0,-0.2631,,
2012-10,14.2,0.0732,,
2012-11,14.3,-0.3938,,
2012-12,14.3,-0.0733,,
2013-01,14.2,0.0,,
2013-02,14.1,-0.1171,,
2013-03,13.8,0.0,,
2013-04,13.7,-0.4682,,
2013-05,13.7,-0.3519,,
2013-06,13.8,0.0147,,
2013-07,14.0,-0.4263,,
2013-08,14.3,-0.0883,,
2013-09,14.5,-0.4106,,
2013-10,14.8,0.5757,,
2013-11,14.9,0.6037,,
2013-12,15.0,0.6185,,
2014-01,14.9,-0.2055,35.7143,14
2014-02,14.6,-0.7026,21.4286,14
2014-03,14.2,-0.7317,21.4286,14
2014-04,13.8,-0.6177,37.5,24
2014-05,13.6,-0.4422,41.6667,24
2014-06,13.6,-0.6192,25.0,24
2014-07,13.8,-0.444,25.0,24
2014-08,14.0,-0.533,16.6667,24
2014-09,14.0,-0.2522,37.5,24
2014-10,13.7,0.1487,75.0,24
2014-11,13.2,0.387,58.3333,24
2014-12,12.6,0.4759,66.6667,24
2015-01,12.2,-0.0594,41.6667,24
2015-02,12.0,-0.2224,43.4783,23
2015-03,12.1,-0.296,50.0,24
2015-04,12.1,0.0594,45.8333,24
2015-05,12.1,-0.2229,39.1304,23
2015-06,12.1,-0.6235,33.3333,24
2015-07,12.1,-0.8609,29.1667,24
2015-08,12.1,-0.6405,37.5,24
2015-09,12.0,-0.1195,60.8696,23
2015-10,12.0,-0.0449,45.8333,24
2015-11,12.0,0.1049,50.0,24
2015-12,11.9,-0.2842,47.8261,23
2016-01,11.7,0.0749,52.1739,23
2016-02,11.6,-0.3145,62.5,24
2016-03,11.5,-0.135,45.8333,24
2016-04,11.5,-0.2844,34.7826,23
2016-05,11.6,-0.03,33.3333,24
2016-06,11.6,0.0601,26.087,23
2016-07,11.7,-0.015,40.0,20
2016-08,11.8,0.015,41.6667,24
2016-09,12.0,0.3302,65.2174,23
2016-10,12.1,0.4954,70.0,20
2016-11,12.0,0.2855,58.3333,24
2016-12,11.9,-0.2693,39.1304,23
2017-01,11.8,-0.3585,25.0,24
2017-02,11.5,-0.1948,50.0,24
2017-03,11.2,0.0,39.1304,23
2017-04,10.9,-0.6447,50.0,24
2017-05,10.6,-0.3753,30.4348,23
2017-06,10.4,-0.105,33.3333,24
2017-07,10.4,-0.3923,34.7826,23
2017-08,10.5,-0.6027,25.0,20
2017-09,,-1.9522,12.5,16
2017-10,11.3,-7.0444,13.0435,23
2017-11,10.9,-5.3206,30.0,20
2017-12,10.7,-1.7307,31.25,16
2018-01,10.4,3.9439,62.5,24
2018-02,10.2,2.9139,73.913,23
2018-03,9.9,0.5611,45.8333,24
2018-04,9.7,2.1794,83.3333,24
2018-05,9.5,1.8357,83.3333,24
2018-06,9.2,1.9374,87.5,24
2018-07,9.0,1.5344,78.2609,23
2018-08,8.7,1.3596,70.8333,24
2018-09,8.5,1.1099,66.6667,24
2018-10,8.3,0.0151,60.8696,23
2018-11,8.3,0.3165,45.8333,24
2018-12,8.4,-0.2556,41.6667,24
2019-01,8.6,1.5866,60.8696,23
2019-02,8.7,1.232,70.8333,24
2019-03,8.6,2.0504,70.8333,24
2019-04,8.4,0.6098,69.5652,23
2019-05,8.1,0.5936,75.0,24
2019-06,7.7,0.0886,66.6667,24
2019-07,7.6,-0.0591,66.6667,24
2019-08,7.7,0.2066,58.3333,24
2019-09,8.0,0.5314,58.3333,24
2019-10,8.4,1.1243,66.6667,24
2019-11,8.7,0.6037,30.4348,23
2019-12,9.0,0.323,26.087,23
2020-01,9.1,-0.2194,25.0,20
2020-02,9.1,0.1756,68.1818,22
2020-03,,-0.2488,43.75,16
2020-04,,-17.1089,12.5,16
2020-05,8.9,-15.2666,13.0435,23
2020-06,8.3,-11.0622,12.5,16
2020-07,8.2,11.4609,75.0,16
2020-08,8.3,9.0,75.0,24
2020-09,8.6,5.2788,66.6667,24
2020-10,9.0,2.6658,69.5652,23
2020-11,9.3,2.4992,75.0,24
2020-12,9.3,2.084,62.5,24
2021-01,9.0,1.2828,60.8696,23
2021-02,8.5,1.466,78.2609,23
2021-03,8.2,1.6731,73.913,23
2021-04,8.1,2.4264,73.913,23
2021-05,8.1,2.3118,82.6087,23
2021-06,8.3,2.4607,82.6087,23
2021-07,8.4,2.9797,86.9565,23
2021-08,8.3,2.9731,91.3043,23
2021-09,7.9,3.1531,79.1667,24
2021-10,7.5,2.2569,82.6087,23
2021-11,7.0,2.4397,82.6087,23
2021-12,6.7,1.7855,82.6087,23
2022-01,6.5,1.8393,82.6087,23
2022-02,6.3,1.7475,91.6667,24
2022-03,6.1,1.7261,86.3636,22
2022-04,6.0,0.4029,65.2174,23
2022-05,5.9,0.1939,56.5217,23
2022-06,5.8,0.4966,50.0,22
2022-07,5.8,1.0793,63.6364,22
2022-08,5.8,1.0506,72.7273,22
2022-09,,0.7824,75.0,16
2022-10,6.0,1.0815,63.6364,22
2022-11,6.0,1.3133,68.1818,22
2022-12,6.0,2.1111,87.5,16
2023-01,6.0,-0.4605,47.8261,23
2023-02,6.0,-0.4051,56.5217,23
2023-03,6.0,-1.2138,43.4783,23
2023-04,6.1,0.9388,56.5217,23
2023-05,6.2,0.8541,60.8696,23
2023-06,6.1,0.6751,54.1667,24
2023-07,6.0,0.2291,60.8696,23
2023-08,5.8,0.5915,62.5,24
2023-09,5.7,0.5901,70.8333,24
2023-10,5.6,0.8876,82.6087,23
2023-11,5.6,0.6147,83.3333,24
2023-12,5.7,0.24,50.0,24
2024-01,5.8,0.1733,43.4783,23
2024-02,5.9,-0.0133,52.1739,23
2024-03,5.9,0.4256,54.1667,24
2024-04,5.9,0.1597,56.5217,23
2024-05,5.8,0.186,60.8696,23
2024-06,5.7,-0.0662,41.6667,24
2024-07,5.6,0.0531,54.1667,24
2024-08,5.5,0.0398,56.5217,23
2024-09,5.4,0.4109,65.2174,23
2024-10,5.4,0.3452,73.913,23
2024-11,5.4,0.0398,54.5455,22
2024-12,5.4,-0.6996,26.087,23
2025-01,5.4,0.0926,56.5217,23
2025-02,5.5,-0.0132,50.0,22
2025-03,5.4,0.6779,60.8696,23
2025-04,5.5,0.1851,52.1739,23
2025-05,5.5,0.4373,65.2174,23
2025-06,5.6,-0.066,47.8261,23
2025-07,5.6,-0.541,26.087,23
2025-08,5.7,-0.3298,21.7391,23
2025-09,5.7,-0.4228,30.4348,23
2025-10,5.7,0.3317,47.8261,23
2025-11,5.7,0.225,56.5217,23
2025-12,5.7,0.2786,56.5217,23
2026-01,5.7,0.1587,47.8261,23
2026-02,5.6,0.317,56.5217,23
2026-03,5.6,0.6219,69.5652,23
2026-04,5.6,0.9638,86.9565,23
2026-05,5.6,0.6319,60.8696,23
2026-06,5.8,0.2498,52.1739,23
2026-07,6.0,-0.1831,52.1739,23
2026-08,6.1,-0.1832,63.6364,22
