period,date,activity_index,momentum_index,activity_ma3,momentum_ma3,diffusion,diffusion_ma3,coverage_pct,status,hiring_rate,separations_rate,job_finding_rate,flow_consistent_ur,ur_predicted_change,ur_forecast,ur_forecast_50_lo,ur_forecast_50_hi,ur_forecast_68_lo,ur_forecast_68_hi,actual_ur
199907,1999-07-01,4.761982830089825,,,,0.0,,72.5,preliminary,,,,,-0.022695079686340654,,,,,,11.2
199908,1999-08-01,4.611819233996511,-0.1501635960933143,4.686901032043168,,47.5,23.75,72.5,preliminary,,,,,-0.022695079686340654,11.17730492031366,11.002112654878058,11.310408563708528,10.972924864695493,11.400617982650113,11.4
199909,1999-09-01,4.640710321856126,0.02889108785961536,4.671504128647487,-0.060636254116849475,55.00000000000001,34.166666666666664,72.5,preliminary,,,,,-0.022695079686340654,11.37730492031366,11.202112654878059,11.510408563708529,11.172924864695494,11.600617982650114,11.6
199910,1999-10-01,4.669704444376548,0.028994122520422216,4.640744666743061,-0.030759461904425578,50.0,50.833333333333336,72.5,preliminary,,,,,-0.022695079686340654,11.57730492031366,11.402112654878058,11.710408563708528,11.372924864695493,11.800617982650113,11.8
199911,1999-11-01,4.525691624016062,-0.14401282036048624,4.6120354634162455,-0.02870920332681622,50.0,51.666666666666664,72.5,preliminary,,,,,-0.022695079686340654,11.77730492031366,11.60211265487806,11.910408563708529,11.572924864695494,12.000617982650114,11.8
199912,1999-12-01,4.360257698110779,-0.16543392590528327,4.51855125550113,-0.09348420791511576,40.0,46.666666666666664,72.5,preliminary,,,,,-0.022695079686340654,11.77730492031366,11.60211265487806,11.910408563708529,11.572924864695494,12.000617982650114,11.6
200001,2000-01-01,4.165600033708601,-0.19465766440217802,4.350516451945147,-0.16803480355598252,47.5,45.833333333333336,77.5,preliminary,,,,,-0.022695079686340654,11.57730492031366,11.402112654878058,11.710408563708528,11.372924864695493,11.800617982650113,11.2
200002,2000-02-01,4.429501423518761,0.26390138981015987,4.31845305177938,-0.03206340016576714,50.0,45.833333333333336,77.5,preliminary,,,,,-0.022695079686340654,11.17730492031366,11.002112654878058,11.310408563708528,10.972924864695493,11.400617982650113,10.8
200003,2000-03-01,4.6633421587223856,0.23384073520362492,4.419481205316582,0.10102815353720225,65.0,54.166666666666664,77.5,preliminary,,,,,-0.022695079686340654,10.77730492031366,10.60211265487806,10.910408563708529,10.572924864695494,11.000617982650114,10.5
200004,2000-04-01,4.662390577527177,-0.0009515811952089948,4.585078053256107,0.16559684793952525,50.0,55.0,77.5,preliminary,,,,,-0.022695079686340654,10.47730492031366,10.302112654878059,10.610408563708528,10.272924864695494,10.700617982650114,10.3
200005,2000-05-01,5.040406238483245,0.3780156609560681,4.7887129915776026,0.20363493832149468,47.5,54.166666666666664,77.5,preliminary,,,,,-0.022695079686340654,10.27730492031366,10.10211265487806,10.410408563708529,10.072924864695494,10.500617982650114,10.1
200006,2000-06-01,5.191844149896608,0.15143791141336305,4.96488032196901,0.1761673303914074,42.5,46.666666666666664,77.5,preliminary,,,,,-0.022695079686340654,10.07730492031366,9.902112654878058,10.210408563708528,9.872924864695493,10.300617982650113,10.0
200007,2000-07-01,4.708032089860498,-0.48381206003610977,4.98009415941345,0.015213837444440456,37.5,42.5,80.0,preliminary,,,,,-0.022695079686340654,9.97730492031366,9.802112654878059,10.110408563708528,9.772924864695494,10.200617982650114,9.9
200008,2000-08-01,4.583963036887184,-0.12406905297331416,4.827946425548096,-0.15214773386535363,45.0,41.666666666666664,80.0,preliminary,,,,,-0.022695079686340654,9.87730492031366,9.702112654878059,10.010408563708529,9.672924864695494,10.100617982650114,9.8
200009,2000-09-01,4.446719538993569,-0.137243497893615,4.579571555247084,-0.248374870301013,32.5,38.333333333333336,80.0,preliminary,,,,,-0.022695079686340654,9.77730492031366,9.60211265487806,9.910408563708529,9.572924864695494,10.000617982650114,9.7
200010,2000-10-01,4.579452538568302,0.13273299957473306,4.536711704816351,-0.04285985043073204,60.0,45.833333333333336,80.0,preliminary,,,,,-0.022695079686340654,9.67730492031366,9.502112654878058,9.810408563708528,9.472924864695493,9.900617982650113,9.7
200011,2000-11-01,4.30635013416459,-0.27310240440371203,4.444174070575486,-0.09253763424086466,40.0,44.166666666666664,80.0,preliminary,,,,,-0.022695079686340654,9.67730492031366,9.502112654878058,9.810408563708528,9.472924864695493,9.900617982650113,9.8
200012,2000-12-01,4.250227123651018,-0.056123010513571714,4.3786765987946366,-0.06549747178085023,50.0,50.0,80.0,preliminary,,,,,-0.022695079686340654,9.77730492031366,9.60211265487806,9.910408563708529,9.572924864695494,10.000617982650114,10.0
200101,2001-01-01,3.9810552794226335,-0.2691718442283846,4.179210845746081,-0.1994657530485561,35.0,41.666666666666664,82.5,preliminary,,,,,-0.022695079686340654,9.97730492031366,9.802112654878059,10.110408563708528,9.772924864695494,10.200617982650114,10.4
200102,2001-02-01,4.355625616341041,0.3745703369184077,4.195636006471564,0.016425160725483796,47.5,44.166666666666664,82.5,preliminary,,,,,-0.022695079686340654,10.37730492031366,10.202112654878059,10.510408563708529,10.172924864695494,10.600617982650114,10.8
200103,2001-03-01,4.359264811985794,0.0036391956447525686,4.231981902583156,0.03634589611159189,47.5,43.333333333333336,82.5,preliminary,,,,,-0.022695079686340654,10.77730492031366,10.60211265487806,10.910408563708529,10.572924864695494,11.000617982650114,11.1
200104,2001-04-01,4.180873739101698,-0.17839107288409561,4.29858805580951,0.06660615322635488,42.5,45.833333333333336,82.5,preliminary,,,,,-0.022695079686340654,11.07730492031366,10.902112654878058,11.210408563708528,10.872924864695493,11.300617982650113,11.2
200105,2001-05-01,4.381661282287737,0.2007875431860393,4.307266611125076,0.00867855531556542,45.0,45.0,82.5,preliminary,,,,,-0.022695079686340654,11.17730492031366,11.002112654878058,11.310408563708528,10.972924864695493,11.400617982650113,11.3
200106,2001-06-01,4.406155366152077,0.024494083864339267,4.3228967958471705,0.01563018472209432,75.0,54.166666666666664,82.5,preliminary,,,,,-0.022695079686340654,11.27730492031366,11.10211265487806,11.410408563708529,11.072924864695494,11.500617982650114,11.4
200107,2001-07-01,4.199756486633946,-0.2063988795181304,4.329191045024587,0.006294249177416056,52.5,57.5,82.5,preliminary,,,,,-0.022695079686340654,11.37730492031366,11.202112654878059,11.510408563708529,11.172924864695494,11.600617982650114,11.6
200108,2001-08-01,4.487643073491814,0.2878865868578675,4.364518308759279,0.03532726373469212,47.5,58.333333333333336,82.5,preliminary,,,,,-0.022695079686340654,11.57730492031366,11.402112654878058,11.710408563708528,11.372924864695493,11.800617982650113,11.7
200109,2001-09-01,4.587491078161626,0.09984800466981181,4.424963546095795,0.0604452373365163,55.00000000000001,51.666666666666664,82.5,preliminary,,,,,-0.022695079686340654,11.67730492031366,11.502112654878058,11.810408563708528,11.472924864695493,11.900617982650113,11.8
200110,2001-10-01,4.724406620648438,0.13691554248681204,4.599846924100626,0.17488337800483045,42.5,48.333333333333336,82.5,preliminary,,,,,-0.022695079686340654,11.77730492031366,11.60211265487806,11.910408563708529,11.572924864695494,12.000617982650114,11.8
200111,2001-11-01,4.4271521409099535,-0.2972544797384842,4.579683279906672,-0.020163644193953445,50.0,49.166666666666664,82.5,preliminary,,,,,-0.022695079686340654,11.77730492031366,11.60211265487806,11.910408563708529,11.572924864695494,12.000617982650114,11.6
200112,2001-12-01,4.354502385229511,-0.07264975568044285,4.502020382262633,-0.07766289764403833,52.5,48.333333333333336,82.5,preliminary,,,,,-0.022695079686340654,11.57730492031366,11.402112654878058,11.710408563708528,11.372924864695493,11.800617982650113,11.4
200201,2002-01-01,4.211878896839124,-0.1426234883903863,4.331177807659529,-0.17084257460310445,50.0,50.833333333333336,82.5,preliminary,,,,,-0.022695079686340654,11.37730492031366,11.202112654878059,11.510408563708529,11.172924864695494,11.600617982650114,11.2
200202,2002-02-01,4.620609714383976,0.40873081754485163,4.395663665484204,0.06448585782467416,60.0,54.166666666666664,82.5,preliminary,,,,,-0.022695079686340654,11.17730492031366,11.002112654878058,11.310408563708528,10.972924864695493,11.400617982650113,13.4
200203,2002-03-01,4.702660423385444,0.08205070900146794,4.511716344869515,0.1160526793853111,50.0,53.333333333333336,82.5,preliminary,,,,,-0.022695079686340654,13.37730492031366,13.202112654878059,13.510408563708529,13.172924864695494,13.600617982650114,12.8
200204,2002-04-01,4.325051209968136,-0.37760921341730747,4.549440449245853,0.037724104376337365,45.0,51.666666666666664,82.5,preliminary,,,,,-0.022695079686340654,12.77730492031366,12.60211265487806,12.910408563708529,12.572924864695494,13.000617982650114,12.5
200205,2002-05-01,4.683541348343399,0.358490138375263,4.57041766056566,0.020977211319807825,55.00000000000001,50.0,82.5,preliminary,,,,,-0.022695079686340654,12.47730492031366,12.302112654878059,12.610408563708528,12.272924864695494,12.700617982650114,12.4
200206,2002-06-01,4.413571850998395,-0.269969497345004,4.474054803103311,-0.09636285746234947,40.0,46.666666666666664,82.5,preliminary,,,,,-0.022695079686340654,12.37730492031366,12.202112654878059,12.510408563708529,12.172924864695494,12.600617982650114,12.4
200207,2002-07-01,4.8697294833958225,0.456157632397427,4.655614227579206,0.18155942447589535,55.00000000000001,50.00000000000001,90.0,final,,,,,-0.022695079686340654,12.37730492031366,12.202112654878059,12.510408563708529,12.172924864695494,12.600617982650114,12.4
200208,2002-08-01,4.718842621823619,-0.15088686157220366,4.667381318739278,0.011767091160073129,60.0,51.666666666666664,90.0,final,,,,,-0.022695079686340654,12.37730492031366,12.202112654878059,12.510408563708529,12.172924864695494,12.600617982650114,12.3
200209,2002-09-01,4.909710579625016,0.1908679578013972,4.832760894948152,0.16537957620887353,45.0,53.333333333333336,90.0,final,,,,,-0.022695079686340654,12.27730492031366,12.10211265487806,12.410408563708529,12.072924864695494,12.500617982650114,12.1
200210,2002-10-01,4.749684107896967,-0.16002647172804885,4.792745769781868,-0.0400151251662851,47.5,50.833333333333336,90.0,final,,,,,-0.022695079686340654,12.07730492031366,11.902112654878058,12.210408563708528,11.872924864695493,12.300617982650113,11.9
200211,2002-11-01,4.443532135127652,-0.3061519727693147,4.7009756075498785,-0.09177016223198879,27.500000000000004,40.00000000000001,90.0,final,,,,,-0.022695079686340654,11.87730492031366,11.702112654878059,12.010408563708529,11.672924864695494,12.100617982650114,11.7
200212,2002-12-01,4.25624542279365,-0.18728671233400274,4.48315388860609,-0.21782171894378877,52.5,42.5,90.0,final,,,,,-0.022695079686340654,11.67730492031366,11.502112654878058,11.810408563708528,11.472924864695493,11.900617982650113,11.7
200301,2003-01-01,4.26887079458203,0.012625371788380413,4.322882784167778,-0.16027110443831236,55.00000000000001,45.0,90.0,final,,,,,-0.022695079686340654,11.67730492031366,11.502112654878058,11.810408563708528,11.472924864695493,11.900617982650113,11.9
200302,2003-02-01,4.94640714579344,0.6775363512114101,4.49050778772304,0.16762500355526258,60.0,55.833333333333336,90.0,final,,,,,-0.022695079686340654,11.87730492031366,11.702112654878059,12.010408563708529,11.672924864695494,12.100617982650114,12.1
200303,2003-03-01,5.2173253398850665,0.2709181940916263,4.810867760086846,0.3203599723638056,80.0,65.0,90.0,final,,,,,-0.022695079686340654,12.07730492031366,11.902112654878058,12.210408563708528,11.872924864695493,12.300617982650113,12.3
200304,2003-04-01,4.938459830540566,-0.2788655093445005,5.034064105406358,0.22319634531951196,42.5,60.833333333333336,90.0,final,,,,,-0.022695079686340654,12.27730492031366,12.10211265487806,12.410408563708529,12.072924864695494,12.500617982650114,12.4
200305,2003-05-01,5.326176370660948,0.38771654012038237,5.16065384702886,0.12658974162250272,60.0,60.833333333333336,90.0,final,,,,,-0.022695079686340654,12.37730492031366,12.202112654878059,12.510408563708529,12.172924864695494,12.600617982650114,12.4
200306,2003-06-01,4.989361169206832,-0.33681520145411614,5.084665790136116,-0.07598805689274475,47.5,50.0,90.0,final,,,,,-0.022695079686340654,12.37730492031366,12.202112654878059,12.510408563708529,12.172924864695494,12.600617982650114,12.2
200307,2003-07-01,5.092494484115244,0.10313331490841193,5.136010674661008,0.05134488452489272,40.0,49.166666666666664,90.0,final,,,,,-0.022695079686340654,12.17730492031366,12.002112654878058,12.310408563708528,11.972924864695493,12.400617982650113,12.1
200308,2003-08-01,5.175126540893631,0.0826320567783867,5.085660731405236,-0.0503499432557725,57.49999999999999,48.333333333333336,90.0,final,,,,,-0.022695079686340654,12.07730492031366,11.902112654878058,12.210408563708528,11.872924864695493,12.300617982650113,11.9
200309,2003-09-01,4.98770929694206,-0.1874172439515709,5.085110107316979,-0.0005506240882574195,45.0,47.5,90.0,final,,,,,-0.022695079686340654,11.87730492031366,11.702112654878059,12.010408563708529,11.672924864695494,12.100617982650114,11.8
200310,2003-10-01,5.607780694802582,0.6200713978605217,5.25687217754609,0.1717620702291125,70.0,57.5,90.0,final,,,,,-0.022695079686340654,11.77730492031366,11.60211265487806,11.910408563708529,11.572924864695494,12.000617982650114,11.6
200311,2003-11-01,4.877734204588096,-0.7300464902144856,5.157741398777579,-0.09913077876851162,32.5,49.166666666666664,90.0,final,,,,,-0.022695079686340654,11.57730492031366,11.402112654878058,11.710408563708528,11.372924864695493,11.800617982650113,11.5
200312,2003-12-01,5.248364414143827,0.3706302095557312,5.244626437844835,0.08688503906725575,65.0,55.833333333333336,90.0,final,,,,,-0.022695079686340654,11.47730492031366,11.302112654878059,11.610408563708528,11.272924864695494,11.700617982650114,11.4
200401,2004-01-01,5.1818850144218676,-0.06647939972195971,5.102661211051263,-0.14196522679357138,42.5,46.666666666666664,90.0,final,,,,,-0.022695079686340654,11.37730492031366,11.202112654878059,11.510408563708529,11.172924864695494,11.600617982650114,11.4
200402,2004-02-01,5.390773307280389,0.2088882928585214,5.273674245282028,0.1710130342307643,60.0,55.833333333333336,90.0,final,,,,,-0.022695079686340654,11.37730492031366,11.202112654878059,11.510408563708529,11.172924864695494,11.600617982650114,11.3
200403,2004-03-01,5.525621510667341,0.13484820338695247,5.366093277456533,0.09241903217450471,57.49999999999999,53.333333333333336,97.5,final,1.696856071531584,1.6752876325994297,11.768510615597997,49.680196918866,-0.022695079686340654,11.27730492031366,11.10211265487806,11.410408563708529,11.072924864695494,11.500617982650114,11.2
200404,2004-04-01,5.604710450180219,0.07908893951287777,5.507035089375983,0.14094181191945054,42.5,53.333333333333336,97.5,final,1.7687375777393086,1.6198841657583722,12.477159656264133,47.803628978853034,-0.012456945821967342,11.187543054178033,11.012350788742431,11.3206466975729,10.983162998559866,11.410856116514486,11.0
200405,2004-05-01,6.085267996169187,0.48055754598896794,5.738533319005582,0.2314982296295994,47.5,49.166666666666664,97.5,final,1.8355397799948836,1.5600963588300503,13.19162920676944,45.94415582377223,-0.012550211135088345,10.987449788864911,10.81225752342931,11.12055343225978,10.783069733246744,11.210762851201364,10.8
200406,2004-06-01,6.0732418677654705,-0.01202612840371664,5.921073438038292,0.1825401190327097,75.0,55.0,97.5,final,1.8965648854961832,1.4963104325699745,14.053098596528441,44.10154492275386,-0.012642207811928687,10.787357792188072,10.61216552675247,10.92046143558294,10.582977736569905,11.010670854524525,10.5
200407,2004-07-01,6.407770651469845,0.3345287837043749,6.188760171801501,0.26768673376320873,52.5,58.333333333333336,97.5,final,1.8129988957248777,1.524036388494505,13.899895018456432,45.670370813924904,-0.03125424194272713,10.468745758057272,10.29355349262167,10.60184940145214,10.264365702439106,10.692058820393726,10.2
200408,2004-08-01,6.361281229465508,-0.04648942200433748,6.280764582900275,0.0920044110987736,47.5,58.333333333333336,97.5,final,1.7506569158197993,1.5691476451282702,13.613490891186608,47.266265718972114,-0.031401924412267156,10.168598075587733,9.993405810152131,10.301701718982601,9.964218019969566,10.391911137924186,10.0
200409,2004-09-01,6.154801689185117,-0.20647954028039095,6.307951190040157,0.027186607139882153,30.0,43.333333333333336,97.5,final,1.6809984813971148,1.6079789926600863,13.061209439528024,48.8899363204371,-0.031553462383282174,9.968446537616718,9.793254272181116,10.101550181011586,9.764066481998551,10.191759599953171,10.0
200410,2004-10-01,6.271106943170998,0.11630525398588087,6.262396620607208,-0.04555456943294919,52.5,43.333333333333336,97.5,final,1.6889308572028119,1.585405518833281,13.19010160603081,48.41914014810448,-0.020126521345126207,9.979873478654874,9.804681213219272,10.112977122049742,9.775493423036707,10.203186540991327,10.0
200411,2004-11-01,5.596313435954591,-0.6747935072164069,6.007407356103568,-0.25498926450363896,30.0,37.5,97.5,final,1.709146924912989,1.5744508585428432,13.086790107354428,47.948956065069815,-0.02012986076707612,9.979870139232924,9.804677873797322,10.112973782627792,9.775490083614757,10.203183201569377,10.2
200412,2004-12-01,5.953028421763158,0.3567149858085674,5.940149600296249,-0.06725775580731952,70.0,50.833333333333336,97.5,final,1.7286314658577433,1.5627073656270738,13.007399376093737,47.47938287842859,-0.020133193680806523,10.179866806319193,10.004674540883592,10.312970449714062,9.975486750701027,10.403179868655647,10.4
200501,2005-01-01,5.61998868019585,-0.3330397415673083,5.723110179304533,-0.21703942099171591,32.5,44.166666666666664,97.5,final,1.7541953130775483,1.6300309434041969,12.94514195755691,48.16554272286698,-0.026438613927722444,10.373561386072279,10.198369120636677,10.506665029467147,10.169181330454112,10.596874448408732,10.6
200502,2005-02-01,5.5542611701706255,-0.06572751002522459,5.709092757376545,-0.014017421927988494,52.5,51.666666666666664,97.5,final,1.7736414477155218,1.6917484436002956,12.739295688717606,48.81841572400773,-0.02625700837519374,10.573742991624806,10.398550726189205,10.706846635019675,10.36936293600664,10.79705605396126,10.9
200503,2005-03-01,6.23245896366047,0.6781977934898444,5.8022362713423155,0.09314351396577052,62.5,49.166666666666664,97.5,final,1.797830843877842,1.7580312688294804,12.488764936026227,49.440366727014904,-0.02608830488756876,10.873911695112431,10.69871942967683,11.0070153385073,10.669531639494265,11.097224757448885,11.2
200504,2005-04-01,6.248604744010407,0.01614578034993741,6.011774959280501,0.20953868793818575,55.00000000000001,56.666666666666664,97.5,final,1.769857090122871,1.7558192269155721,12.1237276367874,49.800919569112764,-0.024662175139624716,11.175337824860375,11.000145559424773,11.308441468255243,10.970957769242208,11.398650887196828,11.3
200505,2005-05-01,6.142942370525374,-0.10566237348503371,6.208002026065418,0.19622706678491605,40.0,52.5,97.5,final,1.748634745592631,1.7602856207286286,11.846999838266212,50.16601794739805,-0.024686974565736583,11.275313025434263,11.100120759998662,11.408416668829132,11.070932969816097,11.498626087770717,11.3
200506,2005-06-01,6.0959506645862644,-0.046991705939109174,6.1624992597073485,-0.04550276635806849,67.5,54.166666666666664,97.5,final,1.726854495843645,1.7642616917317087,11.678811755415937,50.53574836639917,-0.02471224594115693,11.275287754058844,11.100095488623243,11.408391397453713,11.070907698440678,11.498600816395298,11.2
200507,2005-07-01,6.474516049520156,0.3785653849338919,6.237803028210599,0.07530376850324967,40.0,49.166666666666664,97.5,final,1.700256922637739,1.7102166397056493,11.419879333265163,50.146016629154964,-0.020568790724442818,11.179431209275556,11.004238943839955,11.312534852670424,10.97505115365739,11.40274427161201,11.2
200508,2005-08-01,6.68309644497986,0.20858039545970364,6.417854386362094,0.18005135815149545,57.49999999999999,55.0,97.5,final,1.677664409904326,1.660150662725279,11.105289956614866,49.73764653226805,-0.020467104013844398,11.179532895986155,11.004340630550553,11.312636539381023,10.975152840367988,11.402845958322608,11.3
200509,2005-09-01,6.420848329152976,-0.2622481158268837,6.526153607884331,0.1082992215222373,47.5,48.333333333333336,97.5,final,1.6472639655063088,1.6023714412529324,10.742004176228576,49.30926829268294,-0.02035794407406611,11.279642055925935,11.104449790490333,11.412745699320803,11.075262000307768,11.502955118262388,11.5
200510,2005-10-01,6.905812007947556,0.48496367879457924,6.669918927360132,0.14376531947579974,57.49999999999999,54.166666666666664,97.5,final,1.623045267489712,1.5406668777039147,10.441320519948112,48.69807387642791,-0.01936054001029077,11.480639459989709,11.305447194554107,11.613743103384577,11.276259404371542,11.703952522326162,11.7
200511,2005-11-01,5.2555302395945604,-1.6502817683529951,6.194063525565031,-0.47585540179509983,55.00000000000001,53.333333333333336,97.5,final,1.5934605934605934,1.474117474117474,10.397859010408958,48.0547663871299,-0.019185338285056024,11.680814661714944,11.505622396279342,11.813918305109812,11.476434606096777,11.904127724051397,11.6
200512,2005-12-01,5.075725154590844,-0.17980508500371606,5.745689134044319,-0.4483743915207106,57.49999999999999,56.666666666666664,97.5,final,1.584881689693505,1.4268699380657457,10.323888733720219,47.37674663854469,-0.018995955982534764,11.581004044017465,11.405811778581864,11.714107687412334,11.376623988399299,11.804317106353919,11.5
200601,2006-01-01,5.6372532321333395,0.5615280775424951,5.322836208772915,-0.42285292527140533,50.0,54.166666666666664,97.5,final,1.5961825953298383,1.508085402059251,10.884610138341483,48.58103112642524,-0.029265385794002348,11.470734614205998,11.295542348770397,11.603838257600867,11.266354558587832,11.694047676542452,11.0
200602,2006-02-01,5.559642306902359,-0.07761092523098068,5.424206897875514,0.10137068910259946,42.5,50.0,97.5,final,1.6154250841750841,1.5963699494949495,11.373350815980324,49.70335693155424,-0.0288182375999688,10.97118176240003,10.79598949696443,11.104285405794899,10.766801706781864,11.194494824736484,10.6
200603,2006-03-01,5.735014605743476,0.1753722988411175,5.643970048259725,0.21976315038421065,70.0,54.166666666666664,97.5,final,1.6340271207820878,1.6839167455061494,11.678883118756538,50.75181538227578,-0.028415233878917555,10.571584766121083,10.396392500685481,10.704688409515951,10.367204710502916,10.794897828457536,10.4
200604,2006-04-01,5.66489197886601,-0.07012262687746595,5.653182963837281,0.009212915577556954,40.0,50.833333333333336,97.5,final,1.604407678573315,1.7148532006381205,11.269321816306388,51.66370656124872,-0.027670153469175122,10.372329846530825,10.197137581095223,10.505433489925693,10.167949790912658,10.595642908867278,10.5
200605,2006-05-01,5.772170756681462,0.10727877781545203,5.724025780430317,0.07084281659303453,42.5,50.833333333333336,97.5,final,1.5710350380894866,1.7422735026434846,10.797764116635282,52.5841007930417,-0.027716544218569852,10.47228345578143,10.297091190345828,10.605387099176298,10.267903400163263,10.695596518117883,10.7
200606,2006-06-01,5.084790845078814,-0.6873799116026484,5.50728452687543,-0.21674125355488746,37.5,40.0,97.5,final,1.5390899227774588,1.7717148509796417,10.365317705411965,53.51311756655165,-0.027763586872591166,10.672236413127408,10.497044147691806,10.805340056522276,10.467856357509241,10.895549475463861,10.9
200607,2006-07-01,5.321404220487894,0.23661337540908,5.392788607416057,-0.11449591945937214,50.0,43.333333333333336,97.5,final,1.5512538635567028,1.7776928060839736,10.38903115663679,53.40105992974215,-0.02208371834859286,10.877916281651407,10.702724016215805,11.011019925046275,10.67353622603324,11.10122934398786,11.0
200608,2006-08-01,5.208761572477776,-0.1126426480101177,5.204985546014829,-0.1878030614012287,45.0,44.166666666666664,97.5,final,1.5728416402573706,1.7944449779655771,10.70205703233226,53.29053274688502,-0.022092068162155937,10.977907931837844,10.802715666402243,11.111011575232713,10.773527876219678,11.201220994174298,10.8
200609,2006-09-01,5.2877770000358435,0.07901542755806723,5.272647597667171,0.06766205165234318,40.0,45.0,97.5,final,1.5912518853695323,1.807515805012676,11.116715989597346,53.18150487682822,-0.022100248076576876,10.777899751923425,10.602707486487823,10.911003395318293,10.573519696305258,11.001212814259878,10.5
200610,2006-10-01,5.6454957993717425,0.357718799335899,5.380678123961787,0.10803052629461618,45.0,43.333333333333336,97.5,final,1.638359533739707,1.7339749759384022,11.66319898839717,51.41764468981789,-0.013071854047877756,10.486928145952122,10.31173588051652,10.62003178934699,10.282548090333956,10.710241208288576,10.3
200611,2006-11-01,5.255604065782625,-0.3898917335891179,5.396292288396737,0.015614164434949451,47.5,44.166666666666664,97.5,final,1.682849243710037,1.6579242322349246,12.09388137101476,49.62695747474973,-0.01292549179869776,10.287074508201304,10.111882242765702,10.420178151596172,10.082694452583137,10.510387570537757,10.2
200612,2006-12-01,4.744849254838422,-0.5107548109442028,5.215316373330929,-0.18097591506580724,35.0,42.5,97.5,final,1.7607781796852087,1.6129305569133512,12.40888484698166,47.808826512378175,-0.012775764867611939,10.187224235132387,10.012031969696785,10.320327878527255,9.98284417951422,10.41053729746884,10.2
200701,2007-01-01,4.884716354041393,0.1398670992029709,4.961723224887479,-0.25359314844344993,47.5,43.333333333333336,97.5,final,1.6756134147648132,1.6562305796635597,11.846917687841655,49.709127511167,-0.03306269579730747,10.166937304202692,9.99174503876709,10.30004094759756,9.962557248584526,10.390250366539146,10.3
200702,2007-02-01,4.8391698759963235,-0.04554647804506917,4.822911828292046,-0.1388113965954337,37.5,40.0,97.5,final,1.6190737158822264,1.726456049860305,11.320203276954333,51.60486292899931,-0.0330377870114305,10.26696221298857,10.091769947552969,10.400065856383439,10.062582157370404,10.490275275325024,10.4
200703,2007-03-01,4.973442739805206,0.13427286380888237,4.899109656614308,0.07619782832226137,60.0,48.333333333333336,97.5,final,1.5567691217217607,1.7908370384689738,10.723115093895776,53.496049199734365,-0.033012967885004345,10.366987032114997,10.191794766679395,10.500090675509865,10.16260697649683,10.59030009445145,10.6
200704,2007-04-01,4.475059219638332,-0.4983835201668736,4.762557278479954,-0.13655237813435347,40.0,45.833333333333336,97.5,final,1.5840708913992683,1.736174138800382,10.674879447083233,52.29054250541213,-0.01611810549441028,10.58388189450559,10.408689629069988,10.716985537900458,10.379501838887423,10.807194956842043,10.9
200705,2007-05-01,4.744946117059529,0.26988689742119654,4.731149358834355,-0.03140791964559823,52.5,50.833333333333336,97.5,final,1.6111593317688406,1.6814650507388476,10.750393250393252,51.06762434463389,-0.016023112437910388,10.88397688756209,10.708784622126489,11.017080530956958,10.679596831943924,11.107289949898544,11.1
200706,2007-06-01,4.358065930897109,-0.38688018616242026,4.52602375586499,-0.20512560296936577,50.0,47.5,97.5,final,1.6434093544646307,1.6320706094575441,10.834814630758743,49.8269147555171,-0.0159260463945849,11.084073953605415,10.908881688169814,11.217177597000283,10.879693897987249,11.307387015941869,11.3
200707,2007-07-01,4.440880123582262,0.08281419268515311,4.5146307238463,-0.011393032018690205,37.5,46.666666666666664,97.5,final,1.625798089895996,1.6219205150269305,10.714695792200517,49.940303096715525,-0.023313701048826824,11.276686298951175,11.101494033515573,11.409789942346043,11.072306243333008,11.499999361287628,11.5
200708,2007-08-01,4.301297529624129,-0.13958259395813233,4.366747861367833,-0.1478828624784665,45.0,44.166666666666664,97.5,final,1.6449733402132787,1.648477812177503,10.59183950340413,50.053203642654296,-0.023311039747277208,11.476688960252723,11.301496694817121,11.609792603647591,11.272308904634556,11.700002022589176,11.7
200709,2007-09-01,4.347038170615575,0.045740640991446035,4.363071941273989,-0.0036759200938443946,35.0,39.166666666666664,97.5,final,1.6473514211886304,1.6583010335917314,10.645043465556286,50.16561953431109,-0.02330839558219743,11.676691604417801,11.5014993389822,11.80979524781267,11.472311548799635,11.900004666754255,11.7
200710,2007-10-01,4.056662861748251,-0.29037530886732466,4.234999520662652,-0.12807242061133697,30.0,36.666666666666664,97.5,final,1.6156703487112845,1.6460147281784712,10.42544969452009,50.465164152146194,-0.02432932794901061,11.67567067205099,11.500478406615388,11.808774315445858,11.471290616432823,11.898983734387443,11.7
200711,2007-11-01,3.636466836478342,-0.4201960252699086,4.013389289614056,-0.22161023104859576,25.0,30.0,97.5,final,1.5783553731570148,1.628156689032202,10.37370039746252,50.77656523520429,-0.02439401416448034,11.675605985835519,11.500413720399917,11.808709629230387,11.471225930217352,11.898919048171972,11.5
200712,2007-12-01,3.622515782543986,-0.013951053934356139,3.771881826923526,-0.2415074626905298,37.5,30.833333333333332,97.5,final,1.5491972815916477,1.6189303654092386,10.410489251297259,51.100540943853765,-0.0244626185018741,11.475537381498127,11.300345116062525,11.608641024892995,11.27115732587996,11.69885044383458,11.2
200801,2008-01-01,3.1603891177846375,-0.4621266647593485,3.4731239122689885,-0.29875791465453777,52.5,38.333333333333336,100.0,final,1.5163309062809502,1.6648599819331527,10.543458601324193,52.3344885747423,-0.0294272212503577,11.17057277874964,10.99538051331404,11.303676422144509,10.966192723131474,11.393885841086094,10.9
200802,2008-02-01,3.645620692360496,0.48523157457585864,3.4761751975630397,0.003051285294051335,42.5,44.166666666666664,100.0,final,1.4932788671023967,1.7211873638344226,10.567924875940612,53.545044190207655,-0.029299599659818116,10.870700400340182,10.69550813490458,11.00380404373505,10.666320344722015,11.094013462676635,10.7
200803,2008-03-01,3.5547785482944305,-0.09084214406606561,3.4535961194798546,-0.022579078083185156,42.5,45.833333333333336,100.0,final,1.469897642172733,1.7772654436050885,10.49338618780145,54.73286671030767,-0.029175572989352725,10.670824427010647,10.495632161575045,10.803928070405515,10.46644437139248,10.8941374893471,10.6
200804,2008-04-01,3.5020231359887584,-0.052755412305672156,3.567474125547895,0.11387800606804029,40.0,41.666666666666664,100.0,final,1.4917604347778546,1.7502542400682348,10.411705804056611,53.98662299859349,-0.0186237413387806,10.58137625866122,10.406183993225618,10.714479902056087,10.376996203043053,10.804689320997673,10.8
200805,2008-05-01,3.7641774813656665,0.2621543453769082,3.6069930552162854,0.039518929668390136,42.5,41.666666666666664,100.0,final,1.5101830876478763,1.7189993105486066,10.247339327458022,53.233267699857336,-0.018584942114746855,10.781415057885253,10.606222792449651,10.914518701280121,10.577035002267086,11.004728120221706,11.1
200806,2008-06-01,3.5591740404378354,-0.20500344092783118,3.6084582192640866,0.0014651640478016148,47.5,43.333333333333336,100.0,final,1.51091192517537,1.6681280852169393,10.003870468326667,52.472698668900485,-0.01854558560941471,11.081454414390585,10.906262148954983,11.214558057785453,10.877074358772418,11.304767476727038,11.5
200807,2008-07-01,3.4597429897928986,-0.09943105064493674,3.5943648371988,-0.014093382065286578,42.5,44.166666666666664,100.0,final,1.4928285322359396,1.6748861454046642,9.429537714615666,52.87364285763776,-0.024882541269216484,11.475117458730784,11.299925193295183,11.608221102125652,11.270737403112618,11.698430521067237,11.9
200808,2008-08-01,3.5989315430123674,0.13918855321946877,3.5392828577477005,-0.055081979451099716,42.5,44.166666666666664,100.0,final,1.4544336867988321,1.6592351094425781,8.965104729117105,53.28874771284228,-0.024959798689962655,11.875040201310037,11.699847935874436,12.008143844704906,11.67066014569187,12.09835326364649,12.2
200809,2008-09-01,3.2634486444859196,-0.33548289852644775,3.4407077257637284,-0.0985751319839719,22.5,35.833333333333336,100.0,final,1.4162960034265757,1.643899706764192,8.52262701363073,53.71877691645134,-0.0250412225881047,12.174958777411895,11.999766511976294,12.308062420806763,11.970578721793729,12.398271839748348,12.5
200810,2008-10-01,3.5374465379646804,0.2739978934787608,3.4666089084876557,0.025901182723927274,45.0,36.666666666666664,100.0,final,1.4364921581621382,1.6860061851115529,8.479007188184935,53.99542288768389,-0.024204398068119474,12.47579560193188,12.300603336496279,12.608899245326748,12.271415546313714,12.699108664268334,12.7
200811,2008-11-01,3.3224304157970184,-0.21501612216766208,3.3744418660825395,-0.09216704240511635,30.0,32.5,100.0,final,1.455027511537096,1.726348952786653,8.31453779456381,54.26421462992798,-0.024161547156052465,12.675838452843946,12.500646187408345,12.808942096238814,12.47145839722578,12.8991515151804,13.1
200812,2008-12-01,3.162399437155937,-0.1600309786410814,3.3407587969725454,-0.033683069109994225,52.5,42.5,100.0,final,1.4635992431032765,1.7549048899512,8.172617061505951,54.52548194448742,-0.02412049556594179,13.075879504434058,12.900687238998456,13.208983147828926,12.871499448815891,13.299192566770511,13.5
200901,2009-01-01,3.036268269020981,-0.12613116813495617,3.173699373991312,-0.16705942298123322,22.5,35.0,100.0,final,1.4314095013741657,1.816344158393628,7.643186582809223,55.92616770458791,-0.030336907092670125,13.46966309290733,13.294470827471729,13.602766736302199,13.265283037289164,13.692976155243784,14.0
200902,2009-02-01,2.846457512925033,-0.18981075609594766,3.0150417397006506,-0.15865763429066174,37.5,37.5,100.0,final,1.3848562674596736,1.8613927187528163,7.2029350281691435,57.33980131094526,-0.03040754763832077,13.96959245236168,13.794400186926078,14.102696095756547,13.765212396743513,14.192905514698133,14.4
200903,2009-03-01,2.41860539423856,-0.4278521186864732,2.7671103920615248,-0.2479313476391257,47.5,35.833333333333336,100.0,final,1.3388685139907635,1.9081771257810378,6.819498712274129,58.766563130758534,-0.03047917222696256,14.369520827773037,14.194328562337436,14.502624471167906,14.16514077215487,14.59283389010949,14.7
200904,2009-04-01,2.4979931992763764,0.0793878050378165,2.587685368813323,-0.17942502324820145,32.5,39.166666666666664,100.0,final,1.3358472618562305,1.843536259455542,6.69082865407521,57.98407921215251,-0.018426022896767386,14.681573977103232,14.50638171166763,14.8146776204981,14.477193921485066,14.904887039439686,15.0
200905,2009-05-01,2.3269458442808633,-0.17104735499551316,2.4145148125986,-0.1731705562147233,35.0,38.333333333333336,100.0,final,1.3329594507324702,1.7790240531139887,6.55718243637525,57.16688571501385,-0.018236655219841906,14.981763344780157,14.806571079344556,15.114866988175025,14.77738328916199,15.20507640711661,15.3
200906,2009-06-01,2.271153481133306,-0.0557923631475572,2.3653641748968486,-0.049150637701751286,42.5,36.666666666666664,100.0,final,1.337025262366253,1.7234129832837657,6.418790289758032,56.31262077362137,-0.01803440173318497,15.281965598266815,15.106773332831214,15.415069241661683,15.077585542648649,15.505278660603269,15.6
200907,2009-07-01,2.0091714957564797,-0.2619819853768264,2.202423607056883,-0.16294056783996558,40.0,39.166666666666664,100.0,final,1.36884068048023,1.6898206090947017,6.384788937645067,55.2470655987391,-0.016881649600646552,15.583118350399353,15.407926084963751,15.716221993794221,15.378738294781186,15.806431412735806,15.8
200908,2009-08-01,1.8486333614572852,-0.1605381342991945,2.0429861127823568,-0.15943749427452603,50.0,44.166666666666664,100.0,final,1.3931831230154545,1.6449435832542443,6.396577703969457,54.143350238145736,-0.016673456184746666,15.783326543815255,15.608134278379653,15.916430187210123,15.578946488197088,16.006639606151708,15.9
200909,2009-09-01,1.771146992245086,-0.0774863692121992,1.8763172831529502,-0.16666882962940668,30.0,40.0,100.0,final,1.409503621268327,1.5894011658717542,6.4083783089180155,52.99938739927431,-0.01645387496867228,15.883546125031328,15.708353859595727,16.016649768426195,15.679166069413162,16.10685918736778,16.0
200910,2009-10-01,1.230265560507281,-0.540881431737805,1.6166819714032172,-0.2596353117497329,55.00000000000001,45.0,100.0,final,1.4667160284888232,1.544449145570364,6.702597318896624,51.29074814213451,-0.013373127058076226,15.986626872941924,15.811434607506323,16.11973051633679,15.782246817323758,16.209939935278378,16.0
200911,2009-11-01,1.1025786429755333,-0.12768691753174766,1.3679970652426334,-0.24868490616058395,20.0,35.0,100.0,final,1.532109117928033,1.5079550413379095,7.042658977023776,49.60273738768796,-0.01348567154287309,15.986514328457126,15.811322063021525,16.119617971851994,15.78213427283896,16.20982739079358,15.9
200912,2009-12-01,0.8811716249933887,-0.22140701798214457,1.0713386094920676,-0.29665845575056576,37.5,37.5,100.0,final,1.595752224940609,1.4691699464595964,7.348139004813313,47.93498380379454,-0.013596190122783897,15.886403809877217,15.711211544441616,16.019507453272084,15.68202375425905,16.10971687221367,15.9
201001,2010-01-01,0.7207690578538014,-0.16040256713958734,0.9015064419409078,-0.16983216755115985,45.0,34.166666666666664,100.0,final,1.5306963183304414,1.499958685978021,7.029881169225432,49.4928879679686,-0.031194655449405452,15.868805344550594,15.693613079114993,16.001908987945463,15.664425288932428,16.09211840688705,16.0
201002,2010-02-01,0.9149666968925877,0.19419763903878628,0.8389691265799261,-0.06253731536098188,52.5,45.0,100.0,final,1.4672071179080524,1.5321320683470216,6.631922109038385,51.082320911494406,-0.0313666693992874,15.968633330600712,15.79344106516511,16.10173697399558,15.764253274982545,16.191946392937165,16.3
201003,2010-03-01,1.0557875069760418,0.14082081008345415,0.8971744205741436,0.0582052939942177,55.00000000000001,50.833333333333336,100.0,final,1.395461741424802,1.5550395778364117,6.242210220191109,52.704249534983546,-0.03154395854208078,16.26845604145792,16.09326377602232,16.40155968485279,16.064075985839754,16.491769103794375,16.6
201004,2010-04-01,0.959749776974421,-0.09603773000162086,0.9768346602810167,0.07966023970687319,22.5,43.333333333333336,100.0,final,1.3889900179652832,1.5629439269015242,6.024810166822003,52.94643972705985,-0.0240164150636776,16.575983584936324,16.400791319500723,16.709087228331192,16.371603529318158,16.79929664727278,16.9
201005,2010-05-01,1.0683214252342532,0.10857164825983223,1.027952903061572,0.05111824278055518,42.5,40.0,100.0,final,1.355808968939098,1.54094283988774,5.88307230649073,53.19554251048556,-0.0240541286119462,16.87594587138805,16.70075360595245,17.00904951478292,16.671565815769885,17.099258933724506,17.0
201006,2010-06-01,0.619685833652071,-0.44863559158218225,0.8825856786202483,-0.14536722444132363,40.0,35.0,100.0,final,1.338413107247621,1.5369177935179223,5.8106198263678595,53.451858118616016,-0.02409348016607481,16.975906519833924,16.800714254398322,17.109010163228792,16.771526464215757,17.19921958217038,16.9
201007,2010-07-01,0.7468357855622964,0.12714995191022538,0.8116143481495403,-0.07097133047070821,42.5,41.666666666666664,100.0,final,1.375631245299237,1.5198834807731336,6.082532020827791,52.49096014216388,-0.017452635806128977,16.88254736419387,16.707355098758267,17.015651007588737,16.678167308575702,17.105860426530324,16.6
201008,2010-08-01,0.6113494487211503,-0.13548633684114608,0.6592903559785058,-0.15232399217103432,32.5,38.333333333333336,100.0,final,1.4158312672918687,1.5058867210424827,6.359966621634926,51.54113870863276,-0.017513066940415045,16.582486933059588,16.407294667623987,16.715590576454456,16.37810687744142,16.805799995396043,16.3
201009,2010-09-01,0.3283852361834684,-0.2829642125376819,0.562190156822305,-0.09710019915620087,35.0,36.666666666666664,100.0,final,1.4544047233322535,1.4898657162400548,6.653326745718051,50.60220339190297,-0.017572459152494748,16.282427540847507,16.107235275411906,16.415531184242376,16.07804748522934,16.505740603183963,16.0
201010,2010-10-01,0.08147401369643083,-0.24691122248703756,0.3404028995336832,-0.22178725728862184,52.5,40.0,100.0,final,1.512607670468216,1.4533107165198982,7.000834082225587,49.00036099765149,-0.013955786793027374,15.986044213206972,15.81085194777137,16.11914785660184,15.781664157588805,16.209357275543425,15.8
201011,2010-11-01,0.04150770500085989,-0.03996630869557094,0.15045565162691968,-0.18994724790676346,37.5,41.666666666666664,100.0,final,1.5707602339181286,1.416265750286369,7.2822822822822815,47.41390793972447,-0.014039747560987914,15.785960252439013,15.610767987003412,15.919063895833881,15.581580196820846,16.009273314775466,15.8
201012,2010-12-01,-0.40549353425517953,-0.4470012392560394,-0.09417060518596294,-0.24462625681288264,47.5,45.833333333333336,100.0,final,1.6228241242325747,1.3736728060671723,7.489333333333333,45.84262350403144,-0.014122504162365565,15.785877495837635,15.610685230402034,15.918981139232503,15.581497440219469,16.00919055817409,16.0
201101,2011-01-01,-0.01057625880187736,0.3949172754533022,-0.12485402935206567,-0.03068342416610272,35.0,40.0,100.0,final,1.544736017735367,1.40602183185137,7.080155243213632,47.64951593870327,-0.032553079618155414,15.967446920381844,15.792254654946243,16.10055056377671,15.763066864763678,16.190759982718298,16.2
201102,2011-02-01,-0.3538241884095245,-0.34324792960764716,-0.25663132715552717,-0.13177729780346145,55.00000000000001,45.833333333333336,100.0,final,1.4650812582071393,1.43702338357006,6.671494245306826,49.516594366840316,-0.032881440901921646,16.16711855909808,15.991926293662477,16.300222202492947,15.962738503479912,16.390431621434534,16.4
201103,2011-03-01,-0.3363395738854309,0.01748461452409361,-0.23358000703227763,0.023051320123249546,40.0,43.333333333333336,100.0,final,1.3883034582654357,1.4710483432916894,6.301912534622055,51.44691683236028,-0.033226486187543036,16.366773513812454,16.191581248376853,16.499877157207322,16.162393458194288,16.59008657614891,16.5
201104,2011-04-01,-0.8552363533059841,-0.5188967794205532,-0.5151333718669798,-0.2815533648347022,40.0,45.0,100.0,final,1.3844516594516596,1.4865921115921115,6.334092559582756,51.778803464624964,-0.024505778727111006,16.47549422127289,16.300301955837288,16.608597864667757,16.271114165654723,16.698807283609344,16.5
201105,2011-05-01,-0.47428806124913414,0.38094829205685,-0.5552879961468498,-0.040154624279869856,30.0,36.666666666666664,100.0,final,1.3894675925925926,1.5116343557098764,6.439371081833116,52.10552344064929,-0.02447759060927521,16.475522409390724,16.300330143955122,16.608626052785592,16.271142353772557,16.69883547172718,16.3
201106,2011-06-01,-0.4931586051328807,-0.018870543883746538,-0.6075610065626663,-0.05227301041581658,47.5,39.166666666666664,100.0,final,1.385466205505116,1.5268410433780084,6.542068794221271,52.427196476730096,-0.024450055636708795,16.27554994436329,16.10035767892769,16.40865358775816,16.071169888745125,16.498863006699747,16.1
201107,2011-07-01,-0.45848752616646193,0.034671078966418745,-0.475311397516159,0.13224960904650743,55.00000000000001,44.166666666666664,100.0,final,1.4512244702731145,1.4667814607547711,6.980240586887067,50.26656886328151,-0.010907179943475414,16.089092820056525,15.913900554620923,16.222196463451393,15.884712764438358,16.31240588239298,15.9
201108,2011-08-01,-0.6902309833793705,-0.23174345721290857,-0.5472923715595711,-0.0719809740434121,25.0,42.5,100.0,final,1.5361726250784,1.4255680995802578,7.430764500408116,48.13277839317131,-0.011053597379357736,15.888946402620643,15.713754137185042,16.02205004601551,15.684566347002477,16.1122594649571,15.7
201109,2011-09-01,-0.5980638735409232,0.09216710983844734,-0.5822607943622519,-0.03496842280268081,57.49999999999999,45.833333333333336,100.0,final,1.602256343713956,1.3662773933102654,7.830588848725699,46.02532813657281,-0.011197303677541211,15.688802696322458,15.513610430886857,15.821906339717327,15.484422640704292,15.912115758658912,15.6
201110,2011-10-01,-0.5906815240813431,0.007382349459580051,-0.626325460333879,-0.04406466597162704,50.0,44.166666666666664,100.0,final,1.6024112299914743,1.3780275466215162,7.886132016653518,46.235727351109176,-0.023842970619278276,15.576157029380722,15.40096476394512,15.70926067277559,15.371776973762556,15.799470091717176,15.5
201111,2011-11-01,-0.6610156789136337,-0.07033415483229055,-0.6165870255119668,0.009738434821912298,45.0,50.833333333333336,100.0,final,1.5915635652816513,1.3802236048535126,7.89115525652504,46.4442278614029,-0.02383261171471078,15.476167388285289,15.300975122849687,15.609271031680157,15.271787332667122,15.699480450621742,15.5
201112,2011-12-01,-0.9587152022339507,-0.297699523320317,-0.7368041350763092,-0.12021710956434249,47.5,47.5,100.0,final,1.5984065460809647,1.3977174849267873,7.954009686682954,46.65085525370131,-0.023822392402971026,15.476177607597029,15.300985342161427,15.609281250991897,15.271797551978862,15.699490669933482,15.4
201201,2012-01-01,-0.9662514397200446,-0.0075362374860938885,-0.8619941069558763,-0.12518997187956712,40.0,44.166666666666664,100.0,final,1.557672410717471,1.4043669057048058,7.867644806291232,47.41216289461957,-0.02684860345358435,15.373151396546415,15.197959131110814,15.506255039941284,15.168771340928249,15.596464458882869,15.3
201202,2012-02-01,-0.8322636033901826,0.133987836329862,-0.9190767484480592,-0.05708264149218295,47.5,45.0,100.0,final,1.528474455162558,1.4212218649517685,7.837468971265789,48.18197233594148,-0.026894987370076152,15.273105012629925,15.097912747194323,15.406208656024793,15.068724957011758,15.496418074966378,15.1
201203,2012-03-01,-0.9248623883334972,-0.09259878494331464,-0.9077924771479081,0.011284271300151175,47.5,45.0,100.0,final,1.4969456649876756,1.4359661343907406,7.8055758903374715,48.960426791391086,-0.026942152628530967,15.07305784737147,14.897865581935868,15.206161490766338,14.868677791753303,15.296370909707923,14.9
201204,2012-04-01,-1.1329280545011993,-0.20806566616770206,-0.9633513487416264,-0.055558871593718216,35.0,43.333333333333336,100.0,final,1.5385242704676807,1.4029122197402168,8.206196017467313,47.69479893278473,-0.015790097904118325,14.884209902095883,14.709017636660281,15.017313545490751,14.679829846477716,15.107522964432336,14.7
201205,2012-05-01,-0.5538557973769408,0.5790722571242585,-0.8705487467372125,0.09280260200441394,60.0,47.5,100.0,final,1.5931132410365638,1.3821677907939887,8.611670792316698,46.45503318870033,-0.015931195801426382,14.684068804198573,14.508876538762971,14.81717244759344,14.479688748580406,14.907381866535026,14.5
201206,2012-06-01,-1.4459427138020402,-0.8920869164250994,-1.0442421885600601,-0.17369344182284766,50.0,48.333333333333336,100.0,final,1.638570822731128,1.3537249081142213,9.100169579349005,45.24034486831228,-0.01606801260155518,14.483931987398444,14.308739721962842,14.617035630793312,14.279551931780277,14.707245049734897,14.2
201207,2012-07-01,-0.6808453426606877,0.7650973711413525,-0.8935479512798897,0.15069423728017053,35.0,48.333333333333336,100.0,final,1.5953856139729745,1.4197793119726203,8.922006935122157,47.087948647696585,-0.03277519158547492,14.167224808414524,13.992032542978922,14.300328451809392,13.962844752796357,14.390537870750977,14.1
201208,2012-08-01,-0.8749661985403308,-0.194120855879643,-1.0005847516676862,-0.10703680038779662,42.5,42.5,100.0,final,1.5477622146764762,1.4819727409922656,8.740478853733887,48.91427014826633,-0.032659080244768074,14.067340919755232,13.89214865431963,14.2004445631501,13.862960864137065,14.290653982091685,14.0
201209,2012-09-01,-0.3946889501943359,0.48027724834599483,-0.6501668304651181,0.35041792120256815,37.5,38.333333333333336,100.0,final,1.499117231638418,1.5429025423728813,8.501541911970842,50.71967498549043,-0.032544963620071116,13.96745503637993,13.792262770944328,14.100558679774798,13.763074980761763,14.190768098716383,14.0
201210,2012-10-01,-1.071078855042079,-0.676389904847743,-0.7802446679255818,-0.13007783746046367,52.5,44.166666666666664,100.0,final,1.5427024482109228,1.5222575329566854,8.640027000908383,49.66647337355366,-0.01694904786981719,13.983050952130183,13.807858686694582,14.116154595525051,13.778670896512017,14.206364014466637,14.2
201211,2012-11-01,-1.531880873074676,-0.4608020180325971,-0.9992162261036969,-0.21897155817811506,40.0,43.333333333333336,100.0,final,1.5867919418836023,1.502089882613354,8.836892128031366,48.6289203653163,-0.01703442314243534,14.182965576857564,14.007773311421962,14.316069220252432,13.978585521239397,14.406278639194017,14.3
201212,2012-12-01,-1.0423235390369303,0.4895573340377457,-1.2150944223845617,-0.21587819628086477,50.0,47.5,100.0,final,1.637679616817456,1.4880610253681037,9.102741590051233,47.60666976923689,-0.017117909671636,14.282882090328364,14.107689824892763,14.415985733723232,14.078502034710198,14.506195152664818,14.3
201301,2013-01-01,-1.4109178313052253,-0.368594292268295,-1.328374081138944,-0.1132796587543821,45.0,45.0,100.0,final,1.557974881702067,1.511082648450564,8.733511234498467,49.23604831791519,-0.031584603663283105,14.268415396336717,14.093223130901116,14.401519039731586,14.06403534071855,14.49172845867317,14.2
201302,2013-02-01,-1.6206082371381376,-0.20969040583291232,-1.3579498691600975,-0.02957578802115383,32.5,42.5,100.0,final,1.4778265368011703,1.534232402154911,8.362455156430121,50.936334024281905,-0.03197145721485297,14.168028542785146,13.992836277349545,14.301132186180014,13.96364848716698,14.3913416051216,14.1
201303,2013-03-01,-1.7266705319288111,-0.10606229479067353,-1.5860655334573914,-0.22811566429729357,47.5,41.666666666666664,100.0,final,1.3963316529014267,1.5565089920983948,8.097281831187411,52.71225843948274,-0.03238412504843363,14.067615874951565,13.892423609515964,14.200719518346434,13.863235819333399,14.290928937288019,13.8
201304,2013-04-01,-1.7631167909282037,-0.03644625899939258,-1.703465186665051,-0.11739965320765944,40.0,40.0,100.0,final,1.435566085146098,1.5442003493909588,8.381062554094864,51.822865426392696,-0.017842750851397828,13.782157249148604,13.606964983713002,13.915260892543472,13.577777193530437,14.005470311485057,13.7
201305,2013-05-01,-1.9000442902838452,-0.13692749935564152,-1.79661053771362,-0.09314535104856918,32.5,40.0,100.0,final,1.4714552775381076,1.527993480970185,8.585032301367566,50.94247656793102,-0.017891875499887813,13.682108124500111,13.50691585906451,13.81521176789498,13.477728068881945,13.905421186836564,13.7
201306,2013-06-01,-1.7140928473509536,0.18595144293289168,-1.7924179761876673,0.004192561525952561,57.49999999999999,43.333333333333336,100.0,final,1.5043656354424924,1.508641442995221,8.710631764221247,50.070955816588146,-0.01794025790367402,13.682059742096325,13.506867476660723,13.815163385491193,13.477679686478158,13.905372804432778,13.8
201307,2013-07-01,-1.4859532546882326,0.228139592662721,-1.700030130774344,0.09238784541332375,30.0,40.0,100.0,final,1.5242568212865244,1.5615517595715616,8.59686085201549,50.60429766312119,-0.025604873200259254,13.77439512679974,13.59920286136414,13.907498770194609,13.570015071181574,13.997708189136194,14.0
201308,2013-08-01,-1.4827316863582738,0.0032215683299587905,-1.56092592946582,0.13910420130852386,57.49999999999999,48.333333333333336,100.0,final,1.5272468384979245,1.5973911574476303,8.426896344634132,51.12243912800017,-0.025521943326607694,13.974478056673393,13.799285791237791,14.10758170006826,13.770098001055226,14.197791119009846,14.3
201309,2013-09-01,-1.3823681907167649,0.10036349564150893,-1.4503510439210903,0.1105748855447296,40.0,42.49999999999999,100.0,final,1.5353853962729318,1.6386048872453052,8.327974592686548,51.62602090353533,-0.025442508926526934,14.274557491073473,14.099365225637872,14.407661134468341,14.070177435455307,14.497870553409927,14.5
201310,2013-10-01,-1.5600412579551353,-0.1776730672383704,-1.475047045010058,-0.024696001088967523,65.0,54.166666666666664,100.0,final,1.5638611231831572,1.5325703800280073,8.326648566374594,49.494728962634895,-0.011067228794436444,14.488932771205564,14.313740505769962,14.622036414600432,14.284552715587397,14.712245833542017,14.8
201311,2013-11-01,-1.7768378473663995,-0.21679658941126423,-1.5730824320127665,-0.09803538700270853,40.0,48.333333333333336,100.0,final,1.5931395615400392,1.4275406908700425,8.444646541392139,47.25891427042184,-0.010496976102277678,14.789503023897723,14.614310758462121,14.922606667292591,14.585122968279556,15.012816086234176,14.9
201312,2013-12-01,-2.206475395480049,-0.4296375481136494,-1.847784833600528,-0.2747024015877613,37.5,47.5,100.0,final,1.6232670937850653,1.3233431063814383,8.576400841461082,44.91069454339974,-0.009883719438947612,14.890116280561053,14.714924015125451,15.02321992395592,14.685736224942886,15.113429342897506,15.0
201401,2014-01-01,-2.327462980408083,-0.12098758492803396,-2.1035920744181773,-0.25580724081764916,27.500000000000004,35.0,100.0,final,1.525053990439446,1.4307830433622093,8.101514820465127,48.40534261532021,-0.041761095899400635,14.958238904100599,14.783046638664997,15.091342547495467,14.753858848482432,15.181551966437052,14.9
201402,2014-02-01,-2.3016024739647865,0.025860506443296405,-2.2785136166176394,-0.1749215421994623,42.5,35.833333333333336,100.0,final,1.4184206054426722,1.5315223460296652,7.73330686255046,51.91701572619469,-0.041853980694105265,14.858146019305895,14.682953753870294,14.991249662700763,14.653765963687729,15.081459081642349,14.6
201403,2014-03-01,-2.098059302010736,0.20354317195405036,-2.242374918794535,0.036138697823104304,42.5,37.5,100.0,final,1.3121241937247186,1.632885098939543,7.401149453639526,55.44583859232311,-0.04194754591297491,14.558052454087024,14.382860188651422,14.691156097481892,14.353672398468857,14.781365516423477,14.2
201404,2014-04-01,-2.457995667887207,-0.3599363658764707,-2.28588581462091,-0.04351089582637461,30.0,38.333333333333336,100.0,final,1.3353081002011336,1.6114097641250686,7.7707548575198455,54.68490158604086,-0.018543578018556987,14.181456421981443,14.006264156545841,14.31456006537631,13.977076366363276,14.404769484317896,13.8
201405,2014-05-01,-2.6742190111096287,-0.21622334322242187,-2.4100913270025237,-0.12420551238161404,32.5,35.0,100.0,final,1.3550748508473334,1.5855934995058747,8.037218430330501,53.91949416245551,-0.018519188424232787,13.781480811575769,13.606288546140167,13.914584454970637,13.577100755957602,14.004793873912222,13.6
201406,2014-06-01,-2.8200336947322784,-0.1458146836226497,-2.6507494579097046,-0.24065813090718072,32.5,31.666666666666668,100.0,final,1.3809471244066673,1.5666188321006733,8.169209069062793,53.14957681072578,-0.018494583267618808,13.58150541673238,13.406313151296779,13.714609060127248,13.377125361114214,13.804818479068834,13.6
201407,2014-07-01,-2.737999765803388,0.08203392892889028,-2.7440841572150982,-0.09333469930539373,40.0,35.0,100.0,final,1.3909419488087336,1.546286051486317,8.09747718733226,52.64439979909593,-0.019938947195749998,13.58006105280425,13.404868787368649,13.713164696199119,13.375680997186084,13.803374115140704,13.8
201408,2014-08-01,-2.4318138057197536,0.3061859600836345,-2.6632824220851403,0.0808017351299584,47.5,40.0,100.0,final,1.395103994110068,1.519455181299466,8.02074074074074,52.13327607547933,-0.01990650326868773,13.780093496731313,13.604901231295711,13.913197140126181,13.575713441113146,14.003406559067766,14.0
201409,2014-09-01,-2.5730149987735014,-0.1412011930537478,-2.5809428567655477,0.08233956531959237,35.0,40.833333333333336,100.0,final,1.40187741579238,1.4955273329652126,8.059682539682537,51.616100015246225,-0.019873483077331586,13.980126516922669,13.804934251487067,14.113230160317537,13.775746461304502,14.203439579259122,14.0
201410,2014-10-01,-2.532295167302868,0.040719831470633405,-2.5123746572653745,0.06856819950017341,65.0,49.166666666666664,100.0,final,1.4683607923899185,1.4031087574776897,8.63534288546454,48.86378675136504,-0.007679075718953755,13.992320924281046,13.817128658845444,14.125424567675914,13.78794086866288,14.2156339866175,13.7
201411,2014-11-01,-2.5957294195812115,-0.06343425227834354,-2.5670131952191935,-0.05463853795381927,35.0,45.0,100.0,final,1.5328538578208328,1.3092861685992465,9.376730265619155,46.06691283428444,-0.007435962787728673,13.692564037212271,13.51737177177667,13.82566768060714,13.488183981594105,13.915877099548725,13.2
201412,2014-12-01,-3.007937264106726,-0.4122078445255144,-2.7119872836636016,-0.14497408844440815,47.5,49.166666666666664,100.0,final,1.6021671258034893,1.219761248852158,10.257260435038212,43.224387259687354,-0.007186897581605086,13.192813102418395,13.017620836982793,13.325916745813263,12.988433046800228,13.416126164754848,12.6
201501,2015-01-01,-3.0999628715103995,-0.0920256074036736,-2.9012098517327787,-0.18922256806917714,35.0,39.166666666666664,100.0,final,1.5098197767731343,1.3484397397728527,9.976361060514066,47.17695268630998,-0.04425939029967055,12.55574060970033,12.380548344264728,12.688844253095198,12.351360554082163,12.779053672036783,12.2
201502,2015-02-01,-3.529669924348266,-0.4297070528378666,-3.212523353321797,-0.31131350158901816,37.5,40.0,100.0,final,1.4171937824850447,1.4771256251838776,9.532089970647405,51.035335674079974,-0.04374555203350057,12.156254447966498,11.981062182530897,12.289358091361366,11.951874392348332,12.379567510302952,12.0
201503,2015-03-01,-3.195610442528795,0.3340594818194713,-3.275081079462487,-0.06255772614068959,52.5,41.666666666666664,100.0,final,1.3215478944083416,1.6024158314058081,8.853551751279024,54.80286288297337,-0.043249863278163506,11.956750136721837,11.781557871286235,12.089853780116705,11.75237008110367,12.18006319905829,12.1
201504,2015-04-01,-3.429544318682801,-0.23393387615400618,-3.3849415618532874,-0.10986048239080044,32.5,40.833333333333336,100.0,final,1.350422638735759,1.581146637265711,9.086705145135046,53.935161969712155,-0.01796109808365702,12.082038901916343,11.906846636480742,12.215142545311211,11.877658846298177,12.305351964252797,12.1
201505,2015-05-01,-3.5721204941094418,-0.1425761754266408,-3.3990917517736796,-0.014150189920391854,27.500000000000004,37.5,100.0,final,1.3862392783200237,1.5676205264714582,9.305586578313852,53.070241313707825,-0.01797626654378387,12.082023733456216,11.906831468020615,12.215127376851084,11.87764367783805,12.30533679579267,12.1
201506,2015-06-01,-3.6456467015162324,-0.07352620740679061,-3.549103838102825,-0.15001208632914584,40.0,33.333333333333336,100.0,final,1.4194781575919535,1.550643952046914,9.50885620232519,52.20808757372788,-0.017991362217137926,12.082008637782861,11.90681637234726,12.21511228117773,11.877628582164695,12.305321700119315,12.1
201507,2015-07-01,-3.5850771808369686,0.0605695206792638,-3.6009481254875477,-0.0518442873847225,42.5,36.666666666666664,100.0,final,1.4458538877143527,1.5616384159835814,9.674550583641492,51.92493473926538,-0.02115026131792935,12.07884973868207,11.903657473246469,12.211953382076938,11.874469683063904,12.302162801018524,12.1
201508,2015-08-01,-3.298567989380732,0.28650919145623677,-3.5097639572446444,0.09118416824290336,47.5,43.333333333333336,100.0,final,1.4726857001606724,1.5731429983932763,9.813174550231215,51.64909632443049,-0.02119016715117464,12.078809832848824,11.903617567413223,12.211913476243693,11.874429777230658,12.302122895185278,12.1
201509,2015-09-01,-3.0706911860357717,0.22787680334496008,-3.3181121187511575,0.1916518384934869,55.00000000000001,48.333333333333336,100.0,final,1.499166203446359,1.5842875671669445,10.01559714795009,51.38029252346558,-0.02122854642695219,12.078771453573047,11.903579188137446,12.211875096967916,11.87439139795488,12.3020845159095,12.0
201510,2015-10-01,-2.9692406969047185,0.10145048913105326,-3.112833290773741,0.20527882797741673,45.0,49.166666666666664,100.0,final,1.5242974347551694,1.5294576233433566,10.120279996056393,50.08448923522045,-0.015625467526784616,11.984374532473215,11.809182267037613,12.117478175868083,11.779994476855048,12.207687594809668,12.0
201511,2015-11-01,-3.175913778026459,-0.20667308112174032,-3.0719485536556497,0.04088473711809104,42.5,47.5,100.0,final,1.5491727086819111,1.474102993121398,10.251205590000986,48.758470563638376,-0.015460619171033144,11.984539380828966,11.809347115393365,12.117643024223835,11.7801593252108,12.20785244316542,12.0
201512,2015-12-01,-2.918516503563682,0.2573972744627766,-3.021223659498286,0.05072489415736322,50.0,45.833333333333336,100.0,final,1.5741257960004469,1.418575205749823,10.49675189224626,47.4011672038127,-0.01528993692750032,11.9847100630725,11.809517797636898,12.117813706467368,11.780330007454333,12.208023125408953,11.9
201601,2016-01-01,-3.594719322350711,-0.6762028187870288,-3.2297165346469505,-0.20849287514866413,37.5,43.333333333333336,100.0,final,1.5206381079875055,1.4471837969160593,10.337557542526486,48.7624878880016,-0.03012214006603037,11.86987785993397,11.694685594498369,12.002981503328838,11.665497804315804,12.093190922270423,11.7
201602,2016-02-01,-4.004384605487864,-0.4096652831371532,-3.505873477134086,-0.2761569424871351,30.0,39.166666666666664,100.0,final,1.4733780760626398,1.4818170519512803,10.093486590038315,50.14278204184628,-0.030225655061712393,11.669774344938286,11.494582079502685,11.802877988333154,11.46539428932012,11.89308740727474,11.6
201603,2016-03-01,-4.1254416037132495,-0.12105699822538529,-3.9081818438506084,-0.4023083667165224,37.5,35.0,100.0,final,1.4228315612758815,1.5134116769259467,9.8439738278679,51.542449114425835,-0.03033134936199437,11.569668650638006,11.394476385202404,11.702772294032874,11.36528859501984,11.79298171297446,11.5
201604,2016-04-01,-4.080896667330469,0.04454493638278034,-4.070240958843861,-0.16205911499325268,35.0,34.166666666666664,100.0,final,1.4154140713388783,1.467942262504196,9.81232250363073,50.91088622222606,-0.01924941417312328,11.480750585826877,11.305558320391276,11.613854229221745,11.27637053020871,11.70406364816333,11.5
201605,2016-05-01,-4.0640269174006365,0.0168697499298327,-4.090121729481452,-0.019880770637590712,30.0,34.166666666666664,100.0,final,1.4094189374144581,1.423926838372527,9.69624288243129,50.25602065730999,-0.019122280016357556,11.480877719983642,11.30568545454804,11.61398136337851,11.276497664365476,11.704190782320095,11.6
201606,2016-06-01,-4.1526908140067365,-0.08866389660609997,-4.09920479957928,-0.009083070097828938,37.5,34.166666666666664,100.0,final,1.4030999066293184,1.3795331465919702,9.673299550941376,49.57653848734984,-0.018987977339457996,11.581012022660541,11.40581975722494,11.71411566605541,11.376631967042375,11.804325084996995,11.6
201607,2016-07-01,-3.6365479610465243,0.5161428529602121,-3.9510885641512985,0.14811623542798166,57.49999999999999,41.666666666666664,100.0,final,1.4168996235416902,1.3985239852398523,9.73938797679805,49.673661216654516,-0.023224959517863117,11.576775040482136,11.401582775046535,11.709878683877005,11.37239498486397,11.80008810281859,11.7
201608,2016-08-01,-3.9853740912924582,-0.3488261302459339,-3.9248709554485735,0.02621760870272612,32.5,42.5,100.0,final,1.4352888490819524,1.4220406030750858,9.7965796029405,49.76817083523804,-0.023210702971753,11.676789297028247,11.501597031592645,11.809892940423115,11.47240924141008,11.9001023593647,11.8
201609,2016-09-01,-3.9240101527977793,0.061363938494678916,-3.8486440683789205,0.07622688706965242,52.5,47.5,100.0,final,1.4456210753167613,1.4375580574443578,9.753810669875651,49.860171402796574,-0.023197014152009986,11.77680298584799,11.601610720412388,11.909906629242858,11.572422930229823,12.000116048184443,12.0
201610,2016-10-01,-3.9635573819716576,-0.03954722917387832,-3.9576472086872982,-0.10900314030837772,40.0,41.666666666666664,100.0,final,1.448094531056669,1.3996659242761693,9.681996045632408,49.14970715514694,-0.018818946071248656,11.98118105392875,11.80598878849315,12.114284697323619,11.776800998310584,12.204494116265204,12.1
201611,2016-11-01,-3.8999075727882375,0.06364980918342011,-3.929158369185892,0.028488839501406942,32.5,41.666666666666664,100.0,final,1.459819873612977,1.3705403791610689,9.75397300352417,48.42282454390028,-0.018729371161246122,12.081270628838753,11.906078363403152,12.214374272233622,11.876890573220587,12.304583691175207,12.0
201612,2016-12-01,-3.9567641705488494,-0.056856597760611916,-3.9400763751029153,-0.010918005917023335,50.0,40.833333333333336,100.0,final,1.4657324364723467,1.3356875934230195,9.818440334131866,47.67894778966465,-0.018636654927998392,11.981363345072001,11.8061710796364,12.11446698846687,11.776983289453835,12.204676407408455,11.9
201701,2017-01-01,-4.055476949179847,-0.09871277863099781,-3.970716230838978,-0.030639855736063166,30.0,37.5,100.0,final,1.4107399492620503,1.37437358627326,9.47376725043724,49.34712961384175,-0.03179630563285322,11.868203694367146,11.693011428931545,12.001307337762015,11.66382363874898,12.0915167567036,11.8
201702,2017-02-01,-4.482463840025126,-0.42698689084527874,-4.164901653251274,-0.1941854224122961,40.0,40.0,100.0,final,1.3538598336839998,1.411719767558361,9.309032352510615,51.04607247335006,-0.03196413094352403,11.768035869056476,11.592843603620874,11.901139512451344,11.56365581343831,11.99134893139293,11.5
201703,2017-03-01,-4.574976851254227,-0.0925130112291006,-4.370972546819734,-0.206070893568459,50.0,40.0,100.0,final,1.2945421741091565,1.4467749210645016,9.17636526410027,52.77663512957631,-0.03213664146374553,11.467863358536254,11.292671093100653,11.600967001931123,11.263483302918088,11.691176420872708,11.2
201704,2017-04-01,-4.560137022871922,0.014839828382304354,-4.539192571383758,-0.16822002456402496,32.5,40.833333333333336,100.0,final,1.3136855602066597,1.4201958492036557,9.605865823964615,51.94796834695127,-0.01817405954708788,11.181825940452912,11.00663367501731,11.31492958384778,10.977445884834745,11.405139002789365,10.9
201705,2017-05-01,-4.592773631630013,-0.03263660875809116,-4.5759625019187204,-0.036769930534962435,40.0,40.833333333333336,100.0,final,1.3278305442484548,1.3880848283833358,10.080633623477032,51.109281326326695,-0.018119391375579313,10.88188060862442,10.70668834318882,11.014984252019289,10.677500553006254,11.105193670960874,10.6
201706,2017-06-01,-4.46405129615276,0.12872233547725376,-4.538987316884898,0.036975185033822355,57.49999999999999,43.333333333333336,100.0,final,1.343781826411678,1.3578514578854062,10.485095712368437,50.26039121511246,-0.018063725601343342,10.581936274398656,10.406744008963054,10.715039917793524,10.377556218780489,10.805249336735109,10.4
201707,2017-07-01,-4.301834667411609,0.16221662874115061,-4.452886531731461,0.08610078515343778,25.0,40.833333333333336,100.0,final,1.2775106837606838,1.4933735246235247,9.917827859140244,53.895197789385755,-0.04252576925799398,10.357474230742007,10.182281965306405,10.490577874136875,10.15309417512384,10.58078729307846,10.4
201708,2017-08-01,-4.301463377718754,0.00037128969285493696,-4.355783113761041,0.09710341797041981,52.5,45.0,100.0,final,1.1947462732090435,1.61190539733374,9.21988319578681,57.43161555284881,-0.04198898196969323,10.358011018030307,10.182818752594706,10.491114661425176,10.15363096241214,10.58132408036676,10.5
201709,2017-09-01,-4.3992474350602855,-0.0977840573415314,-4.334181826730216,0.021601287030824756,15.0,30.833333333333332,95.0,final,1.122894068774521,1.747019001461651,8.42073381793008,60.873586018334855,-0.041473698691534736,10.458526301308465,10.283334035872864,10.591629944703334,10.254146245690299,10.681839363644919,10.7
201710,2017-10-01,-4.959491295719739,-0.5602438606594538,-4.553400702832927,-0.21921887610271004,32.5,33.333333333333336,100.0,final,1.4157120576530065,2.2578788856620418,9.936171457581953,61.46244697632371,-0.025907773022320463,10.67409222697768,10.498899961542078,10.807195870372547,10.469712171359513,10.897405289314133,11.3
201711,2017-11-01,-5.844188589542055,-0.8846972938223159,-5.0676424401073605,-0.5142417372744337,67.5,38.333333333333336,100.0,final,1.6282926958409445,2.6421915124559874,11.567663841776032,61.871005337581906,-0.024924082487028744,11.275075917512972,11.09988365207737,11.40817956090784,11.070695861894805,11.498388979849425,10.9
201712,2017-12-01,-4.2557334366997255,1.5884551528423296,-5.019804440653839,0.04783799945352,72.5,57.5,100.0,final,1.8258212673205667,3.0007006071929005,13.468567408874915,62.171076506213566,-0.02433220069207874,10.875667799307921,10.70047553387232,11.00877144270279,10.671287743689755,11.098980861644375,10.7
201801,2018-01-01,-4.456353910424332,-0.2006204737246069,-4.852091978888704,0.16771246176513563,47.5,62.5,100.0,final,1.9569238416660129,2.600933992622243,14.703587070192405,57.064833682518724,0.005163436095732277,10.70516343609573,10.52997117066013,10.838267079490599,10.500783380477564,10.928476498432184,10.4
201802,2018-02-01,-4.929078114730648,-0.47272420430631534,-4.547055153951568,0.3050368249371358,50.0,56.666666666666664,100.0,final,2.0656838208457167,2.168778351321758,15.89561341213383,51.21732732852908,0.009207603690263213,10.409207603690264,10.234015338254663,10.542311247085133,10.204827548072098,10.632520666026718,10.2
201803,2018-03-01,-5.300044298195277,-0.3709661834646294,-4.895158774450086,-0.34810362049851723,65.0,54.166666666666664,100.0,final,2.176989423564766,1.7423018381922493,17.310121181088924,44.45451286545048,0.014201319477571379,10.21420131947757,10.03900905404197,10.347304962872439,10.009821263859404,10.437514381814024,9.9
201804,2018-04-01,-4.882794652419046,0.4172496457762307,-5.037305688448324,-0.142146913998238,62.5,59.166666666666664,100.0,final,2.1099758762594014,1.6774642981539534,17.299428108463722,44.29018600706424,-0.02179854919693103,9.878201450803068,9.703009185367467,10.011305094197937,9.673821395184902,10.101514513139522,9.7
201805,2018-05-01,-5.129329863408251,-0.2465352109892045,-5.104056271340858,-0.0667505828925344,57.49999999999999,61.666666666666664,100.0,final,2.05353126405758,1.621168305378832,17.27091913394083,44.11702983456333,-0.021750378439076148,9.678249621560923,9.503057356125321,9.811353264955791,9.473869565942756,9.901562683897376,9.5
201806,2018-06-01,-5.174337107772177,-0.045007244363926446,-5.062153874533158,0.041902396807699915,52.5,57.5,100.0,final,1.9958928297251648,1.5640257945647167,17.411730825899433,43.93431310179744,-0.02169821816620556,9.478301781833794,9.303109516398193,9.611405425228662,9.273921726215628,9.701614844170248,9.2
201807,2018-07-01,-5.063640007782662,0.11069709998951538,-5.122435659654363,-0.06028178512120519,50.0,53.333333333333336,100.0,final,1.9377900510106238,1.5409171684629055,17.31044643163052,44.295684323100616,-0.024666640033049123,9.17533335996695,9.00014109453135,9.308437003361819,8.970953304348784,9.398646422303404,9.0
201808,2018-08-01,-5.141429387587845,-0.07778937980518297,-5.126468834380895,-0.004033174726531345,42.5,48.333333333333336,100.0,final,1.8795647009234777,1.5176712521234879,17.4013764722577,44.673707481586476,-0.024757489268156643,8.975242510731844,8.800050245296243,9.108346154126712,8.770862455113678,9.198555573068298,8.7
201809,2018-09-01,-4.898214676957524,0.24321471063032085,-5.034428024109344,0.09204081027155109,30.0,40.833333333333336,100.0,final,1.8235406845272317,1.4961864244375456,17.29197332315688,45.069560699647866,-0.024854766074848104,8.675145233925152,8.49995296848955,8.80824887732002,8.470765178306985,8.898458296261605,8.5
201810,2018-10-01,-5.151442197251756,-0.25322752029423157,-5.063695420599042,-0.029267396489697894,47.5,40.0,100.0,final,1.7377983063895306,1.5823197331280472,16.804195465829956,47.65853847045639,-0.03681996183115728,8.463180038168844,8.287987772733242,8.596283681563712,8.258799982550677,8.686493100505297,8.3
201811,2018-11-01,-4.871249745123717,0.28019245212803856,-4.973635539777665,0.09005988082137595,45.0,40.833333333333336,100.0,final,1.637646156795093,1.6553702638809022,15.899743552523345,50.2691165913192,-0.03693780849722124,8.26306219150278,8.087869926067178,8.396165834897648,8.058682135884613,8.486375253839233,8.3
201812,2018-12-01,-4.5479883226458355,0.3232614224778816,-4.85689342167377,0.11674211810389619,45.0,45.833333333333336,100.0,final,1.549836507020581,1.740796306982112,14.816776262559394,52.901566518587785,-0.037057136168265496,8.262942863831736,8.087750598396134,8.396046507226604,8.05856280821357,8.48625592616819,8.4
201901,2019-01-01,-4.729041265014757,-0.18105294236892178,-4.716093110928103,0.14080031074566612,60.0,50.0,100.0,final,1.642936045404335,1.5916276235096942,15.465152134472104,49.2068725932381,-0.002537658156824628,8.397462341843175,8.222270076407574,8.530565985238043,8.193082286225009,8.620775404179629,8.6
201902,2019-02-01,-4.921475419607975,-0.19243415459321778,-4.732835002422856,-0.016741891494752654,52.5,52.5,100.0,final,1.749467275494673,1.4580669710806695,16.23532319861575,45.457565188506884,-0.002239699260274633,8.597760300739726,8.422568035304124,8.730863944134594,8.39338024512156,8.821073363076179,8.7
201903,2019-03-01,-5.107912030029938,-0.18643661042196324,-4.919476238217557,-0.18664123579470093,77.5,63.333333333333336,100.0,final,1.8517675618267333,1.3219162494310424,17.344161888318098,41.65242437642672,-0.0019350847103007038,8.698064915289699,8.522872649854097,8.831168558684567,8.493684859671532,8.921377977626152,8.6
201904,2019-04-01,-5.137974729152168,-0.030062699122229475,-5.055787392930027,-0.13631115471247016,32.5,54.166666666666664,100.0,final,1.7903750079048886,1.3805602984885852,17.068676959287718,43.537952215707385,-0.032982096751880303,8.56701790324812,8.391825637812518,8.700121546642988,8.362637847629953,8.790330965584573,8.4
201905,2019-05-01,-5.074956327696639,0.06301840145552884,-5.106947695626249,-0.051160302696221294,55.00000000000001,55.0,100.0,final,1.7252079940410812,1.4361373076291837,16.99467843653734,45.42804314575871,-0.0330069919518617,8.366993008048139,8.191800742612537,8.500096651443007,8.162612952429972,8.590306070384592,8.1
201906,2019-06-01,-4.945690253513817,0.129266074182822,-5.052873770120875,0.054073925505373786,47.5,45.0,100.0,final,1.655208804462536,1.4869591436755616,17.189200191008506,47.322713751079554,-0.03303197763314987,8.066968022366849,7.891775756931248,8.200071665761717,7.862587966748682,8.290281084703302,7.7
201907,2019-07-01,-5.501474726060502,-0.5557844725466854,-5.174040435756986,-0.12116666563611152,40.0,47.5,100.0,final,1.6073754354081478,1.4717174011812812,16.83560166238381,47.797110359668,-0.02528328120037676,7.6747167187996235,7.499524453364023,7.807820362194491,7.470336663181456,7.898029781136078,7.6
201908,2019-08-01,-4.684393457793243,0.817081268267259,-5.043852812455854,0.13018762330113187,37.5,41.666666666666664,100.0,final,1.5516693163751987,1.449390567037626,16.117579060358352,48.29595620695745,-0.025416670764040108,7.57458332923596,7.399391063800359,7.707686972630828,7.370203273617793,7.797896391572414,7.7
201909,2019-09-01,-4.663027437674077,0.02136602011916633,-4.949631873842607,0.09422093861324665,40.0,39.166666666666664,100.0,final,1.4893937681323235,1.4207829396028784,15.069380908813661,48.8211913670555,-0.02556064493697699,7.674439355063023,7.499247089627422,7.80754299845789,7.470059299444856,7.897752417399477,8.0
201910,2019-10-01,-4.194561828890626,0.46846560878345134,-4.513994241452648,0.4356376323899589,57.49999999999999,45.0,100.0,final,1.4631286251714288,1.370387146290215,14.203149198532394,48.36349104149553,-0.020197969348402223,7.979802030651598,7.804609765215997,8.112905674046466,7.7754219750334315,8.203115092988051,8.4
201911,2019-11-01,-4.480215254732062,-0.2856534258414367,-4.445934840432255,0.06805940102039365,37.5,45.0,100.0,final,1.4348148987324245,1.3180141736842768,13.541952537942914,47.87853292057816,-0.02004925692943442,8.379950743070566,8.204758477634964,8.513054386465434,8.1755706874524,8.60326380540702,8.7
201912,2019-12-01,-4.5927140544129585,-0.11249879968089616,-4.422497046011882,0.02343779442037282,47.5,47.5,100.0,final,1.40887072358462,1.2677490160460188,12.898174132973011,47.36380731545237,-0.019886852210887793,8.680113147789111,8.50492088235351,8.81321679118398,8.475733092170945,8.903426210125565,9.0
202001,2020-01-01,-4.73489167499547,-0.14217762058251182,-4.602606994713497,-0.1801099487016149,30.0,38.333333333333336,100.0,final,1.3818884217702534,1.3278541579870975,12.63216934294439,49.00296315622729,-0.031637946376425446,8.968362053623574,8.793169788187972,9.101465697018442,8.763981998005407,9.191675115960027,9.1
202002,2020-02-01,-5.0358805000876155,-0.3009888250921451,-4.787828743165348,-0.18522174845185102,57.49999999999999,45.0,100.0,final,1.3493393733484333,1.3823958726563481,12.351924804754994,50.60504581028231,-0.03143568338326434,9.068564316616735,8.893372051181133,9.201667960011603,8.864184260998568,9.291877378953188,9.1
202003,2020-03-01,-4.570179750333802,0.4657007497538137,-4.780317308472296,0.007511434693052266,35.0,40.833333333333336,80.0,preliminary,1.3189388800964656,1.4386916873916646,,52.17129895329452,-0.031240205605705753,9.068759794394294,8.893567528958693,9.201863437789163,8.864379738776128,9.292072856730748,
202004,2020-04-01,-5.953222381968677,-1.3830426316348756,-5.186427544130031,-0.4061102356577357,20.0,37.5,80.0,preliminary,1.389851610568223,2.6860658704306917,,65.90088938141108,-0.09760064623092546,,,,,,
202005,2020-05-01,-4.431915162253087,1.5213072197155908,-4.9851057648518555,0.2013217792781763,57.49999999999999,37.5,100.0,final,1.2468578471416083,3.6765696432922033,10.09449155098877,74.67500334748009,-0.07056467790896678,,,,,,8.9
202006,2020-06-01,-3.128369539996386,1.3035456222567006,-4.5045023614060495,0.48060340344580527,75.0,50.833333333333336,100.0,final,1.0790172642762283,4.531042496679947,9.135404259206554,80.76638555999408,-0.05592829505841493,8.844071704941586,8.668879439505984,8.977175348336454,8.639691649323419,9.067384767278039,8.3
202007,2020-07-01,-3.0678061869995634,0.060563352996822584,-3.542696963083012,0.961805398323038,62.5,65.0,100.0,final,1.6252596369129508,3.383224083515416,14.297647354757261,67.54986683327094,0.04941128271067072,8.34941128271067,8.17421901727507,8.482514926105539,8.145031227092504,8.572724345047124,8.2
202008,2020-08-01,-3.4963027575151826,-0.4284965705156192,-3.2308261615037104,0.3118708015793013,52.5,63.333333333333336,100.0,final,2.176031612532874,2.3247226560935563,19.174530576906335,51.651845831677235,0.06404095780122816,8.264040957801228,8.088848692365627,8.397144601196096,8.059660902183062,8.487354020137682,8.3
202009,2020-09-01,-3.6892200423863146,-0.19291728487113202,-3.41777632896702,-0.18695016746330953,67.5,60.833333333333336,100.0,final,2.722791954845377,1.2910008744733286,23.495918227344447,32.164113330494466,0.08362561875787818,8.383625618757879,8.208433353322278,8.516729262152747,8.179245563139713,8.606938681094332,8.6
202010,2020-10-01,-3.9115723765804864,-0.22235233419417177,-3.699031725493994,-0.28125539652697434,57.49999999999999,59.166666666666664,100.0,final,2.3742863547064332,1.272932241604367,19.813934552496644,34.901451832142754,-0.0376293847090432,8.562370615290956,8.387178349855354,8.695474258685824,8.357990559672789,8.785683677627409,9.0
202011,2020-11-01,-4.442885896157751,-0.5313135195772647,-4.01455943837485,-0.3155277128808562,32.5,52.5,100.0,final,2.033477975016437,1.2577120315581853,16.555756820527314,38.21450688187938,-0.04077036509221152,8.95922963490779,8.784037369472188,9.092333278302657,8.754849579289623,9.182542697244243,9.3
202012,2020-12-01,-4.612794291790386,-0.1699083956326346,-4.322417521509542,-0.3078580831346904,60.0,50.0,100.0,final,1.6971237194641449,1.2444838455476752,13.858484070449087,42.30624983256985,-0.045018711660723285,9.254981288339277,9.079789022903675,9.388084931734145,9.05060123272111,9.47829435067573,9.3
202101,2021-01-01,-4.321226927771285,0.29156736401910077,-4.458969038573141,-0.1365515170635995,52.5,48.333333333333336,100.0,final,1.7076545530492897,1.2555868838763578,14.445990414982662,42.372074992951795,-0.023054207000233466,9.276945792999767,9.101753527564165,9.410049436394635,9.0725657373816,9.50025885533622,9.0
202102,2021-02-01,-4.826937449760792,-0.5057105219895073,-4.586986223107488,-0.12801718453434704,62.5,58.333333333333336,100.0,final,1.7247033694109066,1.2714544341551726,15.345686738052194,42.43616383095261,-0.02304473401468857,8.976955265985312,8.80176300054971,9.11005890938018,8.772575210367146,9.200268328321766,8.5
202103,2021-03-01,-5.018769489792986,-0.19183204003219423,-4.7223112891083545,-0.1353250660008669,80.0,65.0,100.0,final,1.7361936963196145,1.2831992538183514,15.929967194408789,42.49858415280852,-0.023035630964763146,8.476964369035237,8.301772103599635,8.610068012430105,8.27258431341707,8.70027743137169,8.2
202104,2021-04-01,-5.078981450189527,-0.060211960396540753,-4.974896129914435,-0.25258484080608073,70.0,70.83333333333333,100.0,final,1.8145883800515246,1.2814370489996285,16.843517893917817,41.38974560659064,-0.01664550523284268,8.183354494767157,8.008162229331555,8.316458138162025,7.97897443914899,8.40666755710361,8.1
202105,2021-05-01,-4.6967271920475495,0.38225425814197767,-4.931492710676688,0.04340341923774756,62.5,70.83333333333333,100.0,final,1.9109675931265138,1.2929945283768371,17.589673364967144,40.356111568826634,-0.017055804166517252,8.082944195833482,7.907751930397882,8.21604783922835,7.878564140215316,8.306257258169936,8.1
202106,2021-06-01,-4.818431127263869,-0.12170393521631961,-4.864713256500315,0.06677945417637243,70.0,67.5,100.0,final,1.9900929736320683,1.293362292333486,17.912126730663044,39.39028211347206,-0.01742573076311086,8.082574269236888,7.907382003801287,8.215677912631756,7.8781942136187215,8.305887331573341,8.3
202107,2021-07-01,-3.8647081139155124,0.9537230133483567,-4.45995547774231,0.40475777875800495,72.5,68.33333333333333,100.0,final,2.0415431751391235,1.295029075220409,18.331222321035565,38.81315847666308,-0.019546422542649114,8.280453577457351,8.10526131202175,8.41355722085222,8.076073521839184,8.503766639793804,8.4
202108,2021-08-01,-3.5640901717353777,0.3006179421801347,-4.08240980430492,0.3775456734373906,50.0,64.16666666666667,100.0,final,2.1248748748748745,1.31737987987988,19.18447347759533,38.27084204212937,-0.019736322832822527,8.380263677167179,8.205071411731577,8.513367320562047,8.175883621549012,8.603576739503632,8.3
202109,2021-09-01,-3.106572221027222,0.4575179507081555,-3.5117901688927042,0.5706196354122156,62.5,61.666666666666664,100.0,final,2.190529413956261,1.3289743303155621,20.795003200809223,37.760276075243205,-0.019909546264333246,8.280090453735667,8.104898188300066,8.413194097130535,8.0757103981175,8.50340351607212,7.9
202110,2021-10-01,-3.5537450294372976,-0.44717280841007545,-3.4081358073999657,0.10365436149273825,67.5,60.0,100.0,final,2.0072546773577704,1.3475717153801625,20.08590620570654,40.16815052776502,-0.03583190273861586,7.864168097261384,7.6889758318257835,7.997271740656252,7.659788041643218,8.087481159597838,7.5
202111,2021-11-01,-3.212897825408656,0.34084720402864166,-3.2910716919577254,0.11706411544224056,47.5,59.166666666666664,100.0,final,1.8378743747618873,1.3740245056471136,19.61773579955398,42.77919563495555,-0.036940356269904606,7.463059643730095,7.287867378294495,7.596163287124963,7.258679588111928,7.68637270606655,7.0
202112,2021-12-01,-3.44971880179104,-0.23682097638238409,-3.405453885545665,-0.11438219358793929,70.0,61.666666666666664,100.0,final,1.666850341635442,1.3983542722797737,18.59524453514962,45.62025862585539,-0.03819528226240534,6.961804717737595,6.786612452301994,7.094908361132463,6.757424662119428,7.185117780074049,6.7
202201,2022-01-01,-3.497787706034932,-0.048068904243891986,-3.3868014444115424,0.01865244113412186,42.5,53.333333333333336,100.0,final,1.7513482585247677,1.3709263114325019,20.2566918711894,43.907935728127335,-0.013353029941075201,6.686646970058925,6.511454704623325,6.8197506134537935,6.482266914440759,6.90996003239538,6.5
202202,2022-02-01,-3.829090123873163,-0.3313024178382311,-3.592198877233045,-0.20539743282150238,55.00000000000001,55.833333333333336,100.0,final,1.8408864602307229,1.348221007893139,22.078186873122192,42.27580981102187,-0.013790566683351109,6.486209433316649,6.311017167881048,6.619313076711517,6.281829377698482,6.709522495653103,6.3
202203,2022-03-01,-4.305727342892115,-0.4766372190189516,-3.8775350576000704,-0.2853361803670249,62.5,53.333333333333336,100.0,final,1.928083932331373,1.324330211282945,24.12502441528238,40.71837572970499,-0.014198068589929542,6.28580193141007,6.1106096659744695,6.418905574804938,6.081421875791904,6.5091149937465245,6.1
202204,2022-04-01,-4.343635107785632,-0.037907764893517104,-4.15948419151697,-0.28194913391689996,25.0,47.5,100.0,final,1.8773812555325162,1.4293717486994797,24.052634849614716,43.225839573447544,-0.03637524012440874,6.063624759875591,5.88843249443999,6.196728403270459,5.859244704257424,6.286937822212045,6.0
202205,2022-05-01,-3.961565558191683,0.382069549593949,-4.203642669623143,-0.04415847810617324,47.5,45.0,100.0,final,1.8197017021379627,1.5291639427616763,23.989115515975616,45.662146676162145,-0.03598702490210684,5.964012975097893,5.788820709662293,6.097116618492761,5.759632919479726,6.187326037434348,5.9
202206,2022-06-01,-3.828536187851643,0.13302937034004003,-4.0445789512763195,0.15906371834682398,52.5,41.666666666666664,100.0,final,1.7555266579973992,1.622453402687473,23.85229247033187,48.030283587835235,-0.035615103626803556,5.864384896373196,5.689192630937596,5.997488539768064,5.660004840755029,6.087697958709651,5.8
202207,2022-07-01,-3.8555042749209703,-0.026968087069327407,-3.881868673654766,0.16271027762155388,37.5,45.833333333333336,100.0,final,1.7170112623970415,1.5453857791225416,23.51520234160459,47.36964138499588,-0.019090763975246793,5.780909236024753,5.605716970589152,5.914012879419621,5.576529180406586,6.004222298361207,5.8
202208,2022-08-01,-3.885615912010368,-0.030111637089397902,-3.8565521249276604,0.02531654872710491,50.0,46.666666666666664,100.0,final,1.678530809658921,1.4685917465790324,23.035494831200754,46.664587105707625,-0.018848461645454524,5.781151538354545,5.605959272918945,5.914255181749413,5.576771482736378,6.004464600691,5.8
202209,2022-09-01,-3.5625276230641947,0.3230882889461735,-3.7678826033318447,0.08866952159581605,45.0,44.166666666666664,95.0,final,1.6409787904843796,1.392841788478074,22.060870528511085,45.91048653755314,-0.018580876091925505,5.7814191239080746,5.606226858472474,5.914522767302943,5.577039068289908,6.004732186244529,5.9
202210,2022-10-01,-3.7006878638960328,-0.1381602408318381,-3.7162771329901987,0.05160547034164583,65.0,53.333333333333336,100.0,final,1.6723957590453098,1.4612870251509533,22.006694194194193,46.6316192730321,-0.026629418178643942,5.873370581821357,5.698178316385756,6.006474225216225,5.66899052620319,6.096683644157811,6.0
202211,2022-11-01,-3.5576370133307433,0.14305085056528943,-3.6069508334303237,0.10932629955987494,70.0,60.0,100.0,final,1.7062434088135272,1.5315369758155295,22.31442739810941,47.30206480607219,-0.026352880168633932,5.973647119831366,5.798454854395765,6.106750763226234,5.769267064213199,6.19696018216782,6.0
202212,2022-12-01,-2.9274057151636566,0.6302312981670868,-3.395243530796811,0.2117073026335127,75.0,70.0,100.0,final,1.7288541446580745,1.5912036058877386,22.67294726147594,47.926985776863276,-0.026104508365788877,5.973895491634211,5.798703226198611,6.1069991350290795,5.769515436016045,6.197208553970666,6.0
202301,2023-01-01,-3.434359914360086,-0.5069541991964295,-3.306467547618162,0.08877598317864892,30.0,58.333333333333336,100.0,final,1.6252991819383418,1.587944605198919,20.97602581834947,49.41874038800052,-0.03083375832193204,5.969166241678068,5.793973976242468,6.1022698850729356,5.764786186059901,6.1924793040145225,6.0
202302,2023-02-01,-3.6067968751091417,-0.17243696074905568,-3.3228541682109616,-0.016386620592799456,40.0,48.333333333333336,100.0,final,1.4932107345236822,1.557990900127113,19.397222222222222,51.061551699300345,-0.031657889803877896,5.968342110196122,5.793149844760522,6.1014457535909905,5.763962054577956,6.191655172532577,6.0
202303,2023-03-01,-3.5834681616842077,0.023328713424934033,-3.5415416503844788,-0.21868748217351705,57.49999999999999,42.5,100.0,final,1.361451779175998,1.527851836052753,17.850018642803878,52.879587593351296,-0.03261387583363102,5.967386124166369,5.792193858730768,6.100489767561237,5.7630060685482025,6.190699186502823,6.0
202304,2023-04-01,-3.7895763064925863,-0.20610814480837858,-3.6599471144286455,-0.11840546404416674,52.5,50.0,100.0,final,1.4207125475464832,1.4512013608335106,18.50246763156599,50.53081001484869,-0.009880675926366957,5.990119324073633,5.814927058638032,6.1232229674685,5.785739268455465,6.213432386410087,6.1
202305,2023-05-01,-3.5952833916080955,0.19429291488449074,-3.6561092865949636,0.003837827833682065,50.0,53.333333333333336,100.0,final,1.4805505473656921,1.3758970551843603,19.081617155701355,48.16811811832459,-0.009804762527497686,6.090195237472502,5.915002972036901,6.22329888086737,5.885815181854335,6.313508299808956,6.2
202306,2023-06-01,-3.5390091273180455,0.05627426429005,-3.64128960847291,0.014819678122054055,50.0,50.833333333333336,100.0,final,1.545493152139293,1.3055172169727853,20.189453829297385,45.791387892404515,-0.00972817255037849,6.190271827449622,6.015079562014021,6.323375470844489,5.985891771831454,6.413584889786076,6.1
202307,2023-07-01,-3.5292913066187617,0.009717820699283841,-3.5545279418483013,0.0867616666246082,45.0,48.333333333333336,100.0,final,1.5388027653901513,1.3427479294967084,20.297541238717713,46.598101913644435,-0.027096330482335878,6.072903669517664,5.897711404082063,6.206007312912531,5.868523613899496,6.296216731854118,6.0
202308,2023-08-01,-3.649513641444894,-0.1202223348261322,-3.572604691793901,-0.018076749945599453,67.5,54.166666666666664,100.0,final,1.5219292076887012,1.370815752461322,20.695233359471125,47.38806121332691,-0.027004920478728833,5.972995079521271,5.797802814085671,6.106098722916139,5.768615023903104,6.196308141857726,5.8
202309,2023-09-01,-3.235300899466816,0.41421274197807767,-3.4713686158434904,0.10123607595040977,45.0,52.5,100.0,final,1.5109755242303107,1.4038151343011431,20.773973956600763,48.161782397382225,-0.0269163289612297,5.77308367103877,5.5978914056031694,5.906187314433637,5.568703615420603,5.996396733375224,5.7
202310,2023-10-01,-3.067152277119338,0.1681486223474784,-3.3173222726770164,0.15404634316647461,45.0,52.5,100.0,final,1.4402425178786709,1.3640460222151995,19.995644995644994,48.641429108059604,-0.025311924580049862,5.67468807541995,5.499495809984349,5.807791718814817,5.470308019801783,5.898001137756404,5.6
202311,2023-11-01,-2.8405026501751176,0.2266496269442202,-3.047651942253758,0.2696703304232588,45.0,45.0,100.0,final,1.3634188752348608,1.3184656140228033,18.922902494331066,49.1619090719209,-0.02553470165265184,5.574465298347348,5.399273032911747,5.707568941742215,5.37008524272918,5.797778360683802,5.6
202312,2023-12-01,-2.8092700503305696,0.03123259984454796,-2.9056416592083423,0.14201028304541552,45.0,45.0,100.0,final,1.2934119132814144,1.2794499403634323,17.601145721446475,49.72866843009462,-0.02578719164996545,5.574212808350034,5.399020542914434,5.7073164517449015,5.369832752731867,5.7975258706864885,5.7
202401,2024-01-01,-2.958430102380037,-0.14916005204946714,-2.8694009342952413,0.03624072491310034,55.00000000000001,48.333333333333336,100.0,final,1.3324689281375572,1.259333239884123,17.867939837658167,48.589095858553534,-0.01647782728271856,5.683522172717281,5.508329907281681,5.816625816112149,5.479142117099114,5.906835235053736,5.8
202402,2024-02-01,-3.010078422544907,-0.05164832016487031,-2.925926191751838,-0.0565252574565965,52.5,50.833333333333336,100.0,final,1.3711559102151292,1.2389985533622658,18.14238523046525,47.46839969248922,-0.016580812718006384,5.783419187281994,5.608226921846393,5.916522830676861,5.579039131663826,6.006732249618448,5.9
202403,2024-03-01,-3.012237316176499,-0.0021588936315919405,-2.9935819470338143,-0.06765575528197647,52.5,53.333333333333336,100.0,final,1.4088590791588067,1.217948717948718,18.737920011894143,46.36611476826917,-0.016681260324827165,5.883318739675174,5.708126474239573,6.016422383070042,5.678938684057007,6.106631802011628,5.9
202404,2024-04-01,-3.248065636874837,-0.2358283206983378,-3.090127125198748,-0.09654517816493335,35.0,46.666666666666664,100.0,final,1.4312998892967432,1.245504865116821,19.069465597893505,46.52953724261024,-0.02358667605920601,5.8764133239407945,5.701221058505194,6.009516967335662,5.672033268322627,6.099726386277249,5.9
202405,2024-05-01,-3.315896683431977,-0.06783104655714034,-3.1920665454944377,-0.10193942029569003,37.5,41.666666666666664,100.0,final,1.4502728044765527,1.270035714701195,19.72088549724587,46.68719396155409,-0.023555219390717058,5.876444780609283,5.701252515173683,6.0095484240041515,5.672064724991117,6.0997578429457375,5.8
202406,2024-06-01,-2.989140801394704,0.32675588203727335,-3.1843677072338394,0.007698838260598399,55.00000000000001,42.50000000000001,100.0,final,1.4730315098162508,1.2978760567316427,20.345762646440082,46.83938477054967,-0.02352539861175792,5.776474601388242,5.601282335952641,5.909578244783109,5.572094545770074,5.999787663724696,5.7
202407,2024-07-01,-3.348254497982688,-0.359113696587984,-3.21776399426979,-0.03339628703595032,55.00000000000001,49.166666666666664,92.5,final,,,,,-0.022695079686340654,5.677304920313659,5.502112654878059,5.810408563708528,5.472924864695493,5.900617982650114,5.6
202408,2024-08-01,-3.1659607251263306,0.18229377285635717,-3.1677853415012414,0.04997865276854885,45.0,51.666666666666664,92.5,final,,,,,-0.022695079686340654,5.577304920313659,5.402112654878058,5.710408563708526,5.3729248646954915,5.800617982650113,5.5
202409,2024-09-01,-2.6666220196068595,0.4993387055194711,-3.0602790809052927,0.1075062605959481,50.0,50.0,92.5,final,,,,,-0.022695079686340654,5.477304920313659,5.302112654878059,5.610408563708527,5.272924864695492,5.7006179826501135,5.4
202410,2024-10-01,-2.8107801265829875,-0.14415810697612796,-2.881120957105393,0.17915812379990012,72.5,55.833333333333336,92.5,final,,,,,-0.022695079686340654,5.37730492031366,5.202112654878059,5.510408563708527,5.172924864695492,5.600617982650114,5.4
202411,2024-11-01,-2.9543285784657933,-0.14354845188280585,-2.8105769082185468,0.07054404888684578,35.0,52.5,92.5,final,,,,,-0.022695079686340654,5.37730492031366,5.202112654878059,5.510408563708527,5.172924864695492,5.600617982650114,5.4
202412,2024-12-01,-2.880458465174559,0.0738701132912345,-2.88185572340778,-0.07127881518923311,37.5,48.333333333333336,92.5,final,,,,,-0.022695079686340654,5.37730492031366,5.202112654878059,5.510408563708527,5.172924864695492,5.600617982650114,5.4
202501,2025-01-01,-2.8127335909394167,0.06772487423514217,-2.8825068781932566,-0.0006511547854763933,57.49999999999999,43.333333333333336,92.5,final,,,,,-0.022695079686340654,5.37730492031366,5.202112654878059,5.510408563708527,5.172924864695492,5.600617982650114,5.4
202502,2025-02-01,-2.757348982342069,0.05538460859734773,-2.8168470128186818,0.0656598653745748,42.5,45.833333333333336,92.5,final,,,,,-0.022695079686340654,5.37730492031366,5.202112654878059,5.510408563708527,5.172924864695492,5.600617982650114,5.4
202503,2025-03-01,-3.01803106666733,-0.2606820843252611,-2.862704546649605,-0.045857533830923725,75.0,58.333333333333336,92.5,final,,,,,-0.022695079686340654,5.37730492031366,5.202112654878059,5.510408563708527,5.172924864695492,5.600617982650114,5.5
202504,2025-04-01,-2.963025129986634,0.05500593668069609,-2.9128017263320114,-0.050097179682405756,45.0,54.166666666666664,92.5,final,,,,,-0.022695079686340654,5.477304920313659,5.302112654878059,5.610408563708527,5.272924864695492,5.7006179826501135,5.5
202505,2025-05-01,-2.810033106384774,0.15299202360185982,-2.930363101012913,-0.017561374680901725,50.0,56.666666666666664,92.5,final,,,,,-0.022695079686340654,5.477304920313659,5.302112654878059,5.610408563708527,5.272924864695492,5.7006179826501135,5.5
202506,2025-06-01,-2.806797432494787,0.003235673889987023,-2.859951889622065,0.07041121139084765,60.0,51.666666666666664,92.5,final,,,,,-0.022695079686340654,5.477304920313659,5.302112654878059,5.610408563708527,5.272924864695492,5.7006179826501135,5.5
202507,2025-07-01,-2.9559487928283548,-0.14915136033356768,-2.8575931105693058,0.0023587790527597186,37.5,49.166666666666664,90.0,final,,,,,-0.022695079686340654,5.477304920313659,5.302112654878059,5.610408563708527,5.272924864695492,5.7006179826501135,5.5
202508,2025-08-01,-2.6075686270416645,0.3483801657866903,-2.790104950788269,0.06748815978103655,50.0,49.166666666666664,90.0,final,,,,,-0.022695079686340654,5.477304920313659,5.302112654878059,5.610408563708527,5.272924864695492,5.7006179826501135,5.6
202509,2025-09-01,-2.587698691642246,0.01986993539941828,-2.7170720371707553,0.07303291361751363,40.0,42.5,90.0,final,,,,,-0.022695079686340654,5.577304920313659,5.402112654878058,5.710408563708526,5.3729248646954915,5.800617982650113,5.7
202510,2025-10-01,-2.755144563106845,-0.167445871464599,-2.650137293930252,0.06693474324050319,55.00000000000001,48.333333333333336,87.5,final,,,,,-0.022695079686340654,5.677304920313659,5.502112654878059,5.810408563708528,5.472924864695493,5.900617982650114,5.7
202511,2025-11-01,-2.4801578336497805,0.2749867294570647,-2.6076670294662914,0.04247026446396133,40.0,45.0,87.5,final,,,,,-0.022695079686340654,5.677304920313659,5.502112654878059,5.810408563708528,5.472924864695493,5.900617982650114,5.7
202512,2025-12-01,-2.8437778973595926,-0.36362006370981215,-2.6930267647054063,-0.08535973523911548,55.00000000000001,50.0,87.5,final,,,,,-0.022695079686340654,5.677304920313659,5.502112654878059,5.810408563708528,5.472924864695493,5.900617982650114,5.7
